hindi,gold,votes,total_votes,q_raw,q_coarse,hard,split
(इंडिया),india,1,1,indiyaa,india,False,dev
(पंजाब),punjab,2,2,panjaaba,panjaba,True,test
(महाराष्‍ट्र),maharashtra,1,1,mahaaraashtra,maharastra,False,dev
1,ek,1,1,,,True,test
2,do,1,1,,,True,dev
अंकित,ankita,1,1,ankita,ankita,False,dev
अंजाम,execute,1,1,anjaama,anjama,True,dev
अंटार्टिका,antarctica,1,1,antaartikaa,antartika,True,dev
अंत,end,1,1,anta,anta,True,test
अकबर,akbar,1,1,akabara,akabara,True,dev
अकलैंड,auckland,1,1,akalainda,akalenda,True,dev
अकीरा,akira,1,1,akiiraa,akira,False,dev
अकेडमी,academy,2,2,akedamii,akedami,True,dev
अक्षय,asay,1,1,akshaya,aksaia,True,dev
अख्तर,akhtar,1,1,akhtara,aktara,True,dev
अगर,agar,1,1,agara,agara,True,dev
अगाथा,agatha,2,4,agaathaa,agata,False,dev
अगेंस्ट,against,1,1,agensta,agensta,True,test
अचीवमेंट,achievement,1,1,achiivamenta,akivamenta,True,test
अछूत,untouchable,1,1,achhuuta,akhuta,True,dev
अजनबी,stranger,1,1,ajanabii,ajanabi,True,dev
अजय,ajay,2,3,ajaya,ajaia,True,dev
अजेय,ajay,1,1,ajeya,ajeia,True,dev
अटॉनमेंट,attainment,1,1,atonamenta,atonamenta,True,dev
अडॉल्फ़,adolf,1,1,adolfa,adolfa,True,dev
अति,ati,1,1,ati,ati,False,dev
अदा,paid,1,1,adaa,ada,True,dev
अद्‍बुल,abdul,1,1,adbula,adbula,True,dev
अनवर,anwar,4,4,anavara,anavara,True,test
अनातोली,anatoli,1,1,anaatolii,anatoli,False,test
अनिता,anita,1,1,anitaa,anita,False,dev
अनीसा,anisa,1,1,aniisaa,anisa,False,dev
अपोलो,apollo,1,3,apolo,apolo,False,dev
अपोस्टोलिक,apostolic,1,1,apostolika,apostolika,True,dev
अप्लाएड,applied,1,1,aplaaeda,aplada,True,dev
अफ्रीकन,african,1,1,afriikana,afrikana,True,dev
अफ्रीका,africa,1,1,afriikaa,afrika,False,dev
अब,ab,2,4,aba,aba,True,dev
अबिद,abid,1,1,abida,abida,True,dev
अब्दुल,abdul,75,76,abdula,abdula,True,dev
अब्बास,abbas,2,2,abbaasa,abasa,True,dev
अब्बासी,abbasi,1,1,abbaasii,abasi,False,dev
अमर,amar,2,4,amara,amara,True,dev
अमादोउ,amadou,1,1,amaadou,amado,False,dev
अमावस,no,1,1,amaavasa,amavasa,True,dev
अमीन,amin,1,1,amiina,amina,True,test
अमीरी,amiri,2,2,amiirii,amiri,False,dev
अमृत,nectar,2,2,amrita,amrita,True,test
अमेय,amey,1,1,ameya,ameia,True,test
अमेरिकन,american,8,9,amerikana,amerikana,True,dev
अमेरिका,america,2,3,amerikaa,amerika,False,dev
अमेर‍िकन,american,2,3,ameraikana,amerekana,True,dev
अम्मान,amman,1,1,ammaana,amana,True,dev
अय्याश,ayyash,1,1,ayyaasha,aiasa,True,dev
अरब,arab,2,4,araba,araba,True,dev
अरमंड,armand,1,1,aramanda,aramanda,True,dev
अरमान,arman,1,1,aramaana,aramana,True,dev
अरल,aral,1,1,arala,arala,True,dev
अराफत,arafat,1,1,araafata,arafata,True,dev
अरेबियन,arabian,1,1,arebiyana,arebiana,True,dev
अर्कन्सास,arkansas,1,1,arkansaasa,arkansasa,True,dev
अर्जेंट‍ीना,argentina,1,1,arjentaiinaa,arjentena,True,dev
अर्थ,arth,1,1,artha,arta,True,dev
अर्नसेटल,unsettle,1,1,arnasetala,arnasetala,True,dev
अल,al,5,6,ala,ala,True,dev
अलका,alka,1,1,alakaa,alaka,True,dev
अलदीन,aldin,1,1,aladiina,aladina,True,dev
अलाएंस,alliance,1,1,alaaensa,alansa,True,test
अलास्का,alaska,2,2,alaaskaa,alaska,False,dev
अलिशा,alisha,1,1,alishaa,alisa,False,dev
अलिसा,alisa,1,1,alisaa,alisa,False,test
अली,ali,8,9,alii,ali,False,dev
अलेक्ज़ेंडर,alexander,1,1,alekjendara,alekjendara,True,dev
अलैन,alain,1,1,alaina,alena,True,test
अल्कली,alkali,1,1,alkalii,alkali,False,dev
अल्का,alka,1,1,alkaa,alka,False,test
अल्गर,algar,1,1,algara,algara,True,dev
अल्जीयर्स,algiers,1,1,aljiiyarsa,aljiarsa,True,test
अल्डुअस,aldous,1,1,alduasa,alduasa,True,test
अल्फा,alpha,1,1,alfaa,alfa,False,dev
अल्फांसो,alfonso,1,1,alfaanso,alfanso,True,test
अल्फोंसे,alfonse,1,1,alfonse,alfonse,False,dev
अल्बर्टा,alberta,1,1,albartaa,albarta,True,dev
अल्बा,alba,1,1,albaa,alba,False,test
अल्बिना,albina,1,1,albinaa,albina,False,test
अल्मस,almas,1,1,almasa,almasa,True,dev
अल्मा,alma,1,1,almaa,alma,False,dev
अल्लाह,allah,1,1,allaaha,alaha,True,test
अल्फ़्रेड,alfred,1,2,alfreda,alfreda,True,dev
अवंति,avanti,1,1,avanti,avanti,False,dev
अवतार,avatar,2,3,avataara,avatara,True,dev
अवार्ड,award,49,49,avaarda,avarda,True,dev
अवार्ड्‍स,awards,17,19,avaardsa,avardsa,True,dev
अविव,aviv,1,1,aviva,aviva,True,dev
अव्यक्त,latent,1,1,avyakta,aviakta,True,test
अशोक,ashok,4,4,ashoka,asoka,True,dev
असाही,asahi,1,1,asaahii,asahi,False,dev
असेंबली,assembly,1,1,asenbalii,asenbali,True,dev
असेंब्ली,assembly,1,1,asenblii,asenbli,True,dev
अहमद,ahmed,7,13,ahamada,ahamada,True,test
आँखें,eyes,3,8,aankhen,anken,True,dev
आंदोलन,movement,1,1,aandolana,andolana,True,test
आइलैंड,island,2,3,aailainda,elenda,True,dev
आगरा,agra,2,3,aagaraa,agara,True,dev
आजाद,independent,1,1,aajaada,ajada,True,dev
आडा,ada,1,1,aadaa,ada,False,dev
आदस,adas,1,1,aadasa,adasa,True,dev
आनंद,anand,3,7,aananda,ananda,True,dev
आन्द्रे,andre,1,1,aandre,andre,False,test
आपातकाल,emergency,1,1,aapaatakaala,apatakala,True,test
आफ्टर,after,1,1,aaftara,aftara,True,dev
आफ्टरनून,afternoon,1,1,aaftaranuuna,aftaranuna,True,dev
आबु,abu,1,1,aabu,abu,False,dev
आबू,abu,1,1,aabuu,abu,False,test
आमेर,amer,2,3,aamera,amera,True,dev
आयरलैंड,ireland,3,3,aayaralainda,aiaralenda,True,dev
आयलंड,island,1,1,aayalanda,aialanda,True,test
आयलैंड,ireland,1,2,aayalainda,aialenda,True,dev
आयवरी,ivory,1,1,aayavarii,aiavari,True,dev
आयॉन,lyon,1,1,aayona,aiona,True,test
आयोडीन,iodine,1,1,aayodiina,aiodina,True,test
आर,r,1,1,aara,ara,True,dev
आरती,aarti,3,3,aaratii,arati,True,dev
आर्क,arch,2,2,aarka,arka,True,test
आर्कटिक,arctic,1,1,aarkatika,arkatika,True,dev
आर्किमिडीज़,archimedes,1,1,aarkimidiija,arkimidija,True,test
आर्ट,art,14,15,aarta,arta,True,dev
आर्थर,arthur,1,1,aarthara,artara,True,dev
आर्मी,army,1,1,aarmii,armi,False,dev
आवारागर्दी,vagrancy,1,1,aavaaraagardii,avaragardi,True,test
आश्रम,hermitage,1,1,aashrama,asrama,True,test
आसफ,asaf,1,1,aasafa,asafa,True,test
आह्लादित,gleeful,1,1,aahlaadita,ahladita,True,test
आज़ादी,freedom,2,2,aajaadii,ajadi,True,dev
इंकार,refuse,1,1,inkaara,inkara,True,dev
इंग्लिश,english,1,1,inglisha,inlisa,True,dev
इंजीनियर,engineer,2,2,injiiniyara,injiniara,True,dev
इंजीनियरिंग,engineering,2,2,injiiniyaringa,injiniarina,True,dev
इंटरनेट,internet,2,2,intaraneta,intaraneta,True,dev
इंटरनेशनल,international,12,12,intaraneshanala,intaranesanala,True,dev
इंटरसेपटर,interceptor,1,1,intarasepatara,intarasepatara,True,test
इंटेल,intel,1,1,intela,intela,True,test
इंड,india,1,1,inda,inda,True,dev
इंडल,indal,1,1,indala,indala,True,dev
इंडस्ट्रियल,industrial,1,1,indastriyala,indastriala,True,dev
इंडस्ट्री,industri,1,2,indastrii,indastri,True,dev
इंडस्ट्रीज,industries,1,1,indastriija,indastrija,True,dev
इंडस्ट्रीयल,industrial,1,1,indastriiyala,indastriala,True,test
इंडस्ट्रीज़,industries,7,12,indastriija,indastrija,True,dev
इंडिका,indica,1,1,indikaa,indika,False,dev
इंडिपेंडेंस,independence,1,1,indipendensa,indipendensa,True,dev
इंडिपेंडेन्स,independence,1,1,indipendensa,indipendensa,True,dev
इंडियन,indian,2,2,indiyana,indiana,True,dev
इंडियम,indium,1,1,indiyama,indiama,True,dev
इंडिया,india,21,21,indiyaa,india,False,dev
इंडियानापोलिस,indianapolis,1,1,indiyaanaapolisa,indianapolisa,True,dev
इंडीपेंडेंस,independence,1,1,indiipendensa,indipendensa,True,dev
इंडो,indo,1,1,indo,indo,False,test
इंडोनेशिया,indonesia,1,1,indoneshiyaa,indonesia,False,test
इंड‍ियन,indian,1,1,indaiyana,indeiana,True,dev
इंश्योरेंस,insurance,2,2,inshyorensa,insiorensa,True,dev
इंस्टीट्‍यूट,institute,1,1,instiityuuta,institiuta,True,dev
इंस्ट्रुमेंट्स,instruments,1,1,instrumentsa,instrumentsa,True,dev
इंस्ट्रूमेंटल,instrumentation,1,1,instruumentala,instrumentala,True,dev
इआन,ian,5,7,iaana,iana,True,dev
इक्का,ace,1,1,ikkaa,ika,True,test
इक्वेडोर,ecuador,1,1,ikvedora,ikvedora,True,dev
इजाज़,ijaz,1,1,ijaaja,ijaja,True,dev
इजिप्त,egyptians,1,1,ijipta,ijipta,True,test
इटालिया,italia,1,1,itaaliyaa,italia,False,dev
इटो,ito,1,1,ito,ito,False,test
इडेली,idly,1,1,idelii,ideli,True,dev
इतो,ito,1,1,ito,ito,False,dev
इतोचु,itochu,1,1,itochu,itoku,False,dev
इन,in,8,15,ina,ina,True,dev
इनायत,favor,1,2,inaayata,inaiata,True,test
इनीशिएटिव,initiative,1,1,iniishietiva,inisietiva,True,dev
इन्वेस्टमेंट,investment,1,1,investamenta,investamenta,True,test
इब्रहीम,ibrahim,1,1,ibrahiima,ibrahima,True,test
इब्राहिम,ibrahim,1,1,ibraahima,ibrahima,True,dev
इमानुएल,emanuele,2,2,imaanuela,imanuela,True,dev
इमाम,imam,1,1,imaama,imama,True,dev
इमेंजिंग,imaging,1,1,imenjinga,imenjina,True,dev
इमेज,image,1,1,imeja,imeja,True,dev
इम्प्रूव्ड,improved,1,1,impruuvda,impruvda,True,test
इम्स,ems,1,1,imsa,imsa,True,dev
इरविन,irvin,1,1,iravina,iravina,True,test
इरोड,erode,1,1,iroda,iroda,True,dev
इर्विन,erwin,1,1,irvina,irvina,True,dev
इल,il,1,1,ila,ila,True,dev
इलस्ट्रीयस,illustrious,1,1,ilastriiyasa,ilastriasa,True,dev
इलिंगवर्थ,illingworth,1,1,ilingavartha,ilinavarta,True,test
इलेक्ट्रिक,electric,5,6,ilektrika,ilektrika,True,test
इलेक्ट्रीसाइट,electricite,1,1,ilektriisaaita,ilektriseta,True,dev
इलेक्ट्रॉनिक,electronic,1,2,ilektronika,ilektronika,True,dev
इलेक्ट्रॉनिक्स,electronics,2,2,ilektroniksa,ilektroniksa,True,dev
इलेक्ट्रोलक्स,electrolux,1,1,ilektrolaksa,ilektrolaksa,True,dev
इवान,evan,1,1,ivaana,ivana,True,dev
इसा,isa,1,1,isaa,isa,False,test
इस्ट,east,2,2,ista,ista,True,dev
इस्मा'ईल,ismael,1,1,ismaaiila,ismela,True,dev
इस्राएल,israel,1,1,israaela,israla,True,dev
इस्लाम,islam,4,4,islaama,islama,True,dev
इस्लाम‍िक,islamic,1,1,islaamaika,islameka,True,dev
इज़्ज़,is,1,1,ijja,ija,True,dev
ईंट,eat,1,1,iinta,inta,True,dev
ईको,echo,1,1,iiko,iko,True,dev
ईगल,eagle,3,3,iigala,igala,True,dev
ईटा,ita,1,1,iitaa,ita,False,dev
ईदी,edi,1,1,iidii,idi,True,test
ईबोनी,ebony,1,1,iibonii,iboni,True,dev
ईमानदार,honest,1,1,iimaanadaara,imanadara,True,dev
ईयर,year,6,7,iiyara,iara,True,dev
ईयर/पर्सन,year,1,1,iiyaraparsana,iaraparsana,True,dev
ईवंस,invoice,1,1,iivansa,ivansa,True,test
ईश्वर,god,1,2,iishvara,isvara,True,test
ईस्ट,east,3,4,iista,ista,True,test
ईस्टबॉर्न,eastburn,1,1,iistaborna,istaborna,True,dev
ईस्टमेन,eastman,1,1,iistamena,istamena,True,dev
ईस्टर,easter,1,1,iistara,istara,True,dev
ईस्टलैंड,eastland,1,1,iistalainda,istalenda,True,dev
उजागर,exposed,1,1,ujaagara,ujagara,True,dev
उटाह,utah,1,1,utaaha,utaha,True,dev
उत्तर,north,1,1,uttara,utara,True,test
उत्साह,enthusiasm,1,1,utsaaha,utsaha,True,dev
उप्पर,base,1,1,uppara,upara,True,dev
उमाशंकर,uma,1,2,umaashankara,umasankara,True,dev
उम्मीद,expectation,1,1,ummiida,umida,True,dev
उरी,uri,1,1,urii,uri,False,dev
उर्दू,urdu,1,1,urduu,urdu,False,dev
उस,us,1,1,usa,usa,True,dev
उस्ताद,master,2,4,ustaada,ustada,True,dev
ए,a,5,6,e,e,True,test
एंग्लो,igloo,1,1,englo,enlo,True,dev
एंजेल,angel,1,1,enjela,enjela,True,dev
एंजेलिका,angelika,1,1,enjelikaa,enjelika,True,dev
एंजेलो,angelo,1,1,enjelo,enjelo,True,dev
एंटेयर्स,antares,1,1,enteyarsa,enteiarsa,True,test
एंटोनी,antony,1,1,entonii,entoni,True,dev
एंथनी,anthony,2,2,enthanii,entani,True,dev
एक,ek,31,38,eka,eka,True,dev
एकेडमी,academy,2,2,ekedamii,ekedami,True,dev
एक्टीविटी,activity,1,1,ektiivitii,ektiviti,True,test
एक्ट्रेस,actress,1,2,ektresa,ektresa,True,dev
एक्सप्रेस,express,5,5,eksapresa,eksapresa,True,dev
एक्सप्लोर,explore,1,1,eksaplora,eksaplora,True,dev
एक्सप्लोरर,explorer,1,1,eksaplorara,eksaplorara,True,dev
एक्सीलेंट,excellent,1,1,eksiilenta,eksilenta,True,dev
एक्सेप्शनल,exceptional,1,1,eksepshanala,eksepsanala,True,test
एक्सेल,excel,1,1,eksela,eksela,True,test
एक्सोन,exon,1,1,eksona,eksona,True,test
एक्ज़ो,akzo,1,1,ekjo,ekjo,True,dev
एगोस्तिनो,academic,1,1,egostino,egostino,True,test
एग्रीकल्चरल,agricultural,1,1,egriikalcharala,egrikalkarala,True,dev
एग्रीमेंट,agreement,1,1,egriimenta,egrimenta,True,dev
एग्रो,agro,1,1,egro,egro,True,dev
एजेंट,agent,2,2,ejenta,ejenta,True,dev
एटकिन्स,atkins,1,1,etakinsa,etakinsa,True,test
एटम,atom,1,1,etama,etama,True,dev
एट्ना,aetna,1,1,etnaa,etna,True,dev
एडगर,edgar,1,1,edagara,edagara,True,dev
एडम,adam,1,1,edama,edama,True,dev
एडमंड्‍स,edmonds,1,1,edamandsa,edamandsa,True,dev
एडमॉन्टन,edmonton,1,1,edamontana,edamontana,True,dev
एडम्स,adams,2,2,edamsa,edamsa,True,dev
एडवर्ड,edward,1,1,edavarda,edavarda,True,dev
एडिथ,edith,1,2,editha,edita,True,test
एडिसन,edison,1,1,edisana,edisana,True,dev
एडी,eddie,2,3,edii,edi,True,dev
एडीलेड,adelaide,1,1,ediileda,edileda,True,dev
एडीसन,edison,1,1,ediisana,edisana,True,dev
एडोनिस,adonis,1,1,edonisa,edonisa,True,dev
एड्रियानो,adriano,1,1,edriyaano,edriano,True,dev
एण्ड,and,10,19,enda,enda,True,dev
एण्डरसन,andersen,1,3,endarasana,endarasana,True,dev
एण्डी,andi,2,6,endii,endi,True,dev
एण्ड्रयू,andrew,4,4,endrayuu,endraiu,True,dev
एण्ड्रयूज,andrews,1,1,endrayuuja,endraiuja,True,dev
एण्ड्रयूस,andrews,1,2,endrayuusa,endraiusa,True,dev
एण्ड्रॉस,andros,2,2,endrosa,endrosa,True,dev
एथर्टन,atherton,1,1,ethartana,etartana,True,dev
एथियोपिआ,ethiopia,1,1,ethiyopiaa,etiopia,False,dev
एथे,aye,1,1,ethe,ete,True,test
एथेन्स,athens,1,1,ethensa,etensa,True,dev
एन,an,1,2,ena,ena,True,dev
एनरिको,enrico,1,1,enariko,enariko,True,test
एनर्जी,energy,1,1,enarjii,enarji,True,dev
एनल,anal,1,1,enala,enala,True,dev
एनवायरमेंट,environment,1,1,enavaayaramenta,enavaiaramenta,True,dev
एनिस,enis,1,1,enisa,enisa,True,test
एनी,any,1,1,enii,eni,True,dev
एनीज,anise,1,2,eniija,enija,True,dev
एन्टर,enter,1,1,entara,entara,True,dev
एन्टरप्राइजेस,enterprises,1,1,entarapraaijesa,entaraprejesa,True,test
एपर्ट,appert,1,1,eparta,eparta,True,dev
एपल,apple,1,1,epala,epala,True,dev
एपिस्कोपाल,episcopal,1,1,episkopaala,episkopala,True,dev
एप्रिल,april,1,1,eprila,eprila,True,dev
एप्सन,epson,1,1,epsana,epsana,True,test
एफ.,f,1,1,efa,efa,True,dev
एमिलिओ,emilio,1,1,emilio,emilio,False,dev
एमिस,amis,1,1,emisa,emisa,True,dev
एमीरेट्स,emirates,1,1,emiiretsa,emiretsa,True,dev
एमोरी,emory,1,1,emorii,emori,False,test
एयर,air,1,3,eyara,eiara,True,test
एयरलाइंस,airlines,1,1,eyaralaainsa,eiaralensa,True,dev
एयरवेज़,airways,2,2,eyaraveja,eiaraveja,True,dev
एरिया,area,1,1,eriyaa,eria,True,dev
एरी,erie,1,1,erii,eri,True,dev
एर्ने,erney,1,1,erne,erne,True,dev
एर्नो,erno,1,1,erno,erno,False,dev
एर्मा,erma,1,1,ermaa,erma,False,dev
एलन,elan,4,7,elana,elana,True,dev
एलरॉन,elron,1,1,elarona,elarona,True,test
एलरॉय,alroy,1,1,elaroya,elaroia,True,dev
एलिफेंट,elephant,1,1,elifenta,elifenta,True,dev
एलिस,alice,1,2,elisa,elisa,True,dev
एलिसा,elissa,1,1,elisaa,elisa,False,dev
एलिज़ाबेथ,elizabeth,1,1,elijaabetha,elijabeta,True,dev
एली,eli,1,1,elii,eli,False,test
एलीट,elite,1,1,eliita,elita,True,dev
एलीन,eileen,1,1,eliina,elina,True,dev
एलीसिया,alicia,1,1,eliisiyaa,elisia,True,dev
एलेक्ज़ेंड्रा,alexandra,1,1,elekjendraa,elekjendra,True,dev
एलेन,allen,1,1,elena,elena,True,dev
एलेना,elena,2,2,elenaa,elena,False,dev
एल्टन,elton,1,1,eltana,eltana,True,dev
एल्डन,alden,1,2,eldana,eldana,True,dev
एल्डरमैन,alderman,1,1,eldaramaina,eldaramena,True,dev
एल्फ्रेड,alfred,1,1,elfreda,elfreda,True,dev
एल्विन,elvin,3,5,elvina,elvina,True,test
एल्विस,eclipse,1,2,elvisa,elvisa,True,test
एवरग्रीन,evergreen,1,1,evaragriina,evaragrina,True,dev
एवरली,everly,1,1,evaralii,evarali,True,dev
एवरी,every,1,1,evarii,evari,True,dev
एवरेडी,eveready,1,1,evaredii,evaredi,True,dev
एवरेस्ट,everest,1,1,evaresta,evaresta,True,dev
एवेन,even,1,1,evena,evena,True,dev
एवेन्यू,avenue,1,1,evenyuu,eveniu,True,dev
एव्रिल,avril,1,1,evrila,evrila,True,dev
एशले,ashley,1,1,eshale,esale,True,dev
एश्टीन,astin,1,1,eshtiina,estina,True,dev
एश्बी,ashby,1,1,eshbii,esbi,True,test
एस.,s,1,1,esa,esa,True,test
एस्टा,esta,1,1,estaa,esta,False,dev
एस्टैबलिशमेंट,establishment,1,1,estaibalishamenta,estebalisamenta,True,dev
एस्सेल,asses,1,1,essela,esela,True,dev
एज़्रा,ezra,1,1,ejraa,ejra,True,test
ऐक्य,communion,1,1,aikya,ekia,True,test
ऐक्सीडेंट,accident,1,1,aiksiidenta,eksidenta,True,dev
ऐगर,eger,1,1,aigara,egara,True,test
ऐडम,adam,1,1,aidama,edama,True,dev
ऐदीन,adin,1,1,aidiina,edina,True,test
ऐलन,elan,2,7,ailana,elana,True,dev
ऐशबाय,ashby,1,1,aishabaaya,esabaia,True,test
ऐश्ले,ashley,1,1,aishle,esle,True,dev
ऐसा,isa,1,1,aisaa,esa,True,dev
ऐस्टन,estan,1,1,aistana,estana,True,dev
ऑइल,oil,2,2,oila,oila,True,dev
ऑईल,oil,2,2,oiila,oila,True,dev
ऑकलैंड,auckland,1,1,okalainda,okalenda,True,dev
ऑगस्टस,augustus,1,1,ogastasa,ogastasa,True,test
ऑचन,arjun,1,1,ochana,okana,True,dev
ऑडर,order,27,35,odara,odara,True,dev
ऑडाशियस,audition,1,1,odaashiyasa,odasiasa,True,dev
ऑन,on,2,2,ona,ona,True,test
ऑनलाइन,online,2,2,onalaaina,onalena,True,dev
ऑनेक्स,onex,1,1,oneksa,oneksa,True,test
ऑन्टार‍ियो,ontario,1,1,ontaaraiyo,ontareio,True,dev
ऑप्टो,opto,1,1,opto,opto,False,dev
ऑफ,of,82,169,ofa,ofa,True,dev
ऑफर्ट,after,1,1,ofarta,ofarta,True,dev
ऑब्जेक्ट्स,objects,1,1,objektsa,objektsa,True,dev
ऑरम,arm,1,2,orama,orama,True,dev
ऑरल,oral,1,1,orala,orala,True,dev
ऑरिजिन्स,origins,1,1,orijinsa,orijinsa,True,dev
ऑर्ड,and,1,1,orda,orda,True,test
ऑर्डर,order,1,1,ordara,ordara,True,test
ऑलस्टेट,allstate,1,1,olasteta,olasteta,True,dev
ऑस्टिन,austin,1,1,ostina,ostina,True,dev
ऑस्ट्रल,austral,1,1,ostrala,ostrala,True,dev
ऑस्ट्रेलियन,australian,1,1,ostreliyana,ostreliana,True,test
ऑस्ट्रेलियन/वोगेल,australian,1,1,ostreliyanavogela,ostrelianavogela,True,dev
ऑस्ट्रेलिया,australia,3,3,ostreliyaa,ostrelia,True,dev
ऑस्ट्रेल‍ियन,australian,1,1,ostrelaiyana,ostreleiana,True,dev
ऑस्मियम,osmium,1,1,osmiyama,osmiama,True,test
ऑस्लो,oslo,1,1,oslo,oslo,False,dev
ऑफ़,of,4,6,ofa,ofa,True,dev
ओ,o,3,5,o,o,False,dev
ओक्टाविओ,octavio,1,1,oktaavio,oktavio,False,dev
ओटिस,otis,1,1,otisa,otisa,True,dev
ओटो,auto,1,1,oto,oto,False,dev
ओट्टो,auto,1,1,otto,oto,False,test
ओडेलिआ,odelia,1,1,odeliaa,odelia,False,test
ओनली,only,1,1,onalii,onali,True,dev
ओना,ona,1,1,onaa,ona,False,dev
ओनासि‍स,onassis,1,1,onaasisa,onasisa,True,test
ओपन,open,1,1,opana,opana,True,dev
ओफेंसिव,offensive,1,1,ofensiva,ofensiva,True,dev
ओमर,omar,1,1,omara,omara,True,dev
ओमार,omaar,1,1,omaara,omara,True,test
ओर,part,1,1,ora,ora,True,dev
ओरिएंटल,oriental,1,1,orientala,orientala,True,test
ओरेगन,oregon,1,1,oregana,oregana,True,dev
ओलिंपिक,olympic,1,1,olinpika,olinpika,True,test
ओलिवर,oliver,1,1,olivara,olivara,True,test
ओल्ड,old,1,1,olda,olda,True,test
ओवर,over,1,1,ovara,ovara,True,dev
ओवरलैंड,overland,1,1,ovaralainda,ovaralenda,True,test
ओवा,ova,1,1,ovaa,ova,False,test
ओसमंड,osmund,1,1,osamanda,osamanda,True,dev
ओसरिक,osric,1,1,osarika,osarika,True,dev
ओसामा,osama,1,1,osaamaa,osama,False,test
औद,aud,1,1,auda,oda,True,dev
कंटेम्पररी,contemporary,1,1,kantempararii,kantemparari,True,dev
कंट्री,country,3,3,kantrii,kantri,True,test
कंट्रोल्स,controls,1,1,kantrolsa,kantrolsa,True,dev
कंपनी,company,2,2,kanpanii,kanpani,True,dev
कंपाला,kampala,1,1,kanpaalaa,kanpala,True,test
कंबरलैंड,gray,1,1,kanbaralainda,kanbaralenda,True,test
कंसट्रक्शन,construction,1,1,kansatrakshana,kansatraksana,True,dev
कंस्टीट्यूशन,constitution,1,1,kanstiityuushana,kanstitiusana,True,dev
कच्छ,kutch,1,1,kachchha,kakha,True,test
कण,kana,1,2,kana,kana,False,dev
कथा,katha,1,1,kathaa,kata,False,dev
कनक,kanak,1,1,kanaka,kanaka,True,test
कनेक्टीकट,connecticut,1,1,kanektiikata,kanektikata,True,dev
कप,cup,7,7,kapa,kapa,True,dev
कब्बानी,kabbani,1,1,kabbaanii,kabani,False,dev
कभी,ever,2,4,kabhii,kabi,True,test
कमल,kamal,1,2,kamala,kamala,True,dev
कमांडो,commando,1,1,kamaando,kamando,True,dev
कमाई,earnings,1,1,kamaaii,kame,True,dev
कमाल,amazing,1,3,kamaala,kamala,True,test
कमेंस्मेंट,commencement,1,1,kamensmenta,kamensmenta,True,dev
कम्युनिकेशंस,communications,2,2,kamyunikeshansa,kamiunikesansa,True,dev
कम्युनिकेशन,communication,2,2,kamyunikeshana,kamiunikesana,True,test
कम्युनिटी,community,9,9,kamyunitii,kamiuniti,True,dev
कम्यूनिकेशंस,communications,2,2,kamyuunikeshansa,kamiunikesansa,True,dev
कम्यूनिकेशन्स,communication,1,1,kamyuunikeshansa,kamiunikesansa,True,dev
करम,karam,1,1,karama,karama,True,dev
कराटे,karate,1,1,karaate,karate,False,dev
करीम,karim,2,2,kariima,karima,True,dev
करीर,career,1,1,kariira,karira,True,dev
करेज,courage,1,2,kareja,kareja,True,dev
करेजियस,courageous,1,1,karejiyasa,karejiasa,True,dev
करोल,karol,1,1,karola,karola,True,dev
करौली,dah,1,1,karaulii,karoli,True,dev
कर्कवुड,kirkwood,1,1,karkavuda,karkavuda,True,dev
कर्ट,curt,1,1,karta,karta,True,dev
कर्टिस,curtis,1,1,kartisa,kartisa,True,dev
कर्तव्य,duty,1,1,kartavya,kartavia,True,dev
कर्फस्ट,comfort,1,1,karfasta,karfasta,True,test
कल,kal,2,2,kala,kala,True,dev
कलर,color,1,1,kalara,kalara,True,test
कली,bud,1,2,kalii,kali,True,dev
कलेक्शन,collection,1,1,kalekshana,kaleksana,True,dev
कलेर,kaler,1,1,kalera,kalera,True,dev
कश्मीर,kashmir,2,2,kashmiira,kasmira,True,dev
कसूर,fault,1,1,kasuura,kasura,True,dev
कस्टर,custer,1,1,kastara,kastara,True,dev
कहना,say,1,1,kahanaa,kahana,True,test
कहाँ,kahan,3,4,kahaan,kahan,False,dev
का,ka,47,76,kaa,ka,False,test
काँच,glass,1,3,kaancha,kanka,True,dev
काइल,kyle,1,1,kaaila,kela,True,test
काउंट,count,1,1,kaaunta,konta,True,test
काउंट‍ी,county,1,1,kaauntaii,konte,True,dev
काटकर,cut,1,1,kaatakara,katakara,True,dev
कातिल,murderer,1,1,kaatila,katila,True,dev
कानडे,kanade,1,1,kaanade,kanade,False,test
कानन,kannan,1,1,kaanana,kanana,True,dev
कानून,law,3,5,kaanuuna,kanuna,True,dev
कान्सास,kansas,1,1,kaansaasa,kansasa,True,test
काफ,calf,1,1,kaafa,kafa,True,dev
काबुल,kabul,1,1,kaabula,kabula,True,dev
कामयाबी,success,1,1,kaamayaabii,kamaiabi,True,test
कायो,kayo,1,1,kaayo,kaio,False,dev
कार,car,1,1,kaara,kara,True,dev
कारण,cause,1,1,kaarana,karana,True,test
कारमेल,camel,1,3,kaaramela,karamela,True,test
कारा,kara,1,1,kaaraa,kara,False,dev
कार्टर,karter,1,1,kaartara,kartara,True,dev
कार्डिगन,cardigan,1,1,kaardigana,kardigana,True,test
कार्डिफ,cardiff,1,1,kaardifa,kardifa,True,dev
कार्पर,carper,1,1,kaarpara,karpara,True,dev
कार्ल,carl,3,5,kaarla,karla,True,test
कार्लटन,carlton,1,1,kaarlatana,karlatana,True,test
कार्लसन,carlson,1,1,kaarlasana,karlasana,True,dev
कार्लोस,collars,1,1,kaarlosa,karlosa,True,dev
कालचक्र,cycle,1,1,kaalachakra,kalakakra,True,dev
काली,kali,2,3,kaalii,kali,False,dev
काल्का,kalka,1,1,kaalkaa,kalka,False,dev
काश,kash,1,1,kaasha,kasa,True,dev
किंग,king,11,11,kinga,kina,True,dev
किंगडम,kingdom,1,1,kingadama,kinadama,True,test
किंग्स,kings,1,1,kingsa,kinsa,True,dev
किंबर्लि,kimberly,1,1,kinbarli,kinbarli,True,test
किन,kin,1,1,kina,kina,True,test
किनारे,edge,1,2,kinaare,kinare,True,dev
किनेटा,kineta,1,1,kinetaa,kineta,False,test
किरा,kira,1,1,kiraa,kira,False,dev
किरिन,kirin,1,1,kirina,kirina,True,dev
किर्स्टन,christian,1,2,kirstana,kirstana,True,dev
किला,kila,2,2,kilaa,kila,False,dev
किले,kile,1,1,kile,kile,False,dev
की,ki,49,119,kii,ki,False,dev
कीटन,keaton,1,1,kiitana,kitana,True,dev
कीट्स,keats,1,1,kiitsa,kitsa,True,dev
कीन,kin,1,1,kiina,kina,True,dev
कीनन,keenan,1,1,kiinana,kinana,True,test
कीना,keena,1,1,kiinaa,kina,False,test
कीनॅथ,kenneth,1,1,kiinetha,kineta,True,dev
कीप,keep,1,1,kiipa,kipa,True,dev
कीफर,kiefer,2,2,kiifara,kifara,True,test
कीलिंग,keeling,1,1,kiilinga,kilina,True,dev
कीले,kealey,1,1,kiile,kile,True,test
कुक,cook,5,5,kuka,kuka,True,dev
कुमार,kumar,3,3,kumaara,kumara,True,test
कुश,kush,1,1,kusha,kusa,True,test
कूपर्स,coopers,1,1,kuuparsa,kuparsa,True,dev
कॅथे,cathy,1,1,kethe,kete,True,dev
कॅनेडी,kennedy,1,1,kenedii,kenedi,False,dev
कॅन्योन,canyon,1,1,kenyona,keniona,True,dev
कॅरबॉरंडम,carborundum,1,1,keraborandama,keraborandama,True,dev
कॅरी,curry,1,2,kerii,keri,True,dev
कॅसल,kasal,1,1,kesala,kesala,True,dev
कॅस्ट्रो,castro,1,1,kestro,kestro,True,dev
के,ke,17,34,ke,ke,False,dev
केंट,kate,2,4,kenta,kenta,True,dev
केंप,camp,1,1,kenpa,kenpa,True,test
केट,kat,1,1,keta,keta,True,test
केटरपिलर,caterpillar,1,1,ketarapilara,ketarapilara,True,test
केटो,keto,1,1,keto,keto,False,dev
केडार,kedar,1,1,kedaara,kedara,True,dev
केनाल,canal,2,2,kenaala,kenala,True,dev
केनेडी,kennedy,1,1,kenedii,kenedi,False,test
केन्या,kenya,1,1,kenyaa,kenia,False,dev
केप,cape,3,5,kepa,kepa,True,test
केमिकल्स,chemicals,2,2,kemikalsa,kemikalsa,True,dev
केया,s,1,1,keyaa,keia,True,dev
केर,ker,1,1,kera,kera,True,test
केरल,kerala,1,1,kerala,kerala,False,dev
केर्मिट,kermit,1,1,kermita,kermita,True,dev
केल्विन,kelvin,1,1,kelvina,kelvina,True,test
केविन,kevin,2,4,kevina,kevina,True,dev
कैंनटॉनमेंट,containment,1,1,kainnatonamenta,kenatonamenta,True,dev
कैंब्रिज,cambridge,1,1,kainbrija,kenbrija,True,dev
कैटरीना,katrina,1,1,kaitariinaa,ketarina,True,dev
कैटलिन,caitlin,1,2,kaitalina,ketalina,True,dev
कैथलिक,catholic,1,1,kaithalika,ketalika,True,dev
कैदी,prisoner,1,1,kaidii,kedi,True,test
कैनु,can,1,1,kainu,kenu,True,test
कैनेडियन,canadian,1,1,kainediyana,kenediana,True,dev
कैनेडी,kennedy,2,2,kainedii,kenedi,False,test
कैपिटल,capital,1,1,kaipitala,kepitala,True,dev
कैप्टन,captain,1,2,kaiptana,keptana,True,dev
कैम,came,1,1,kaima,kema,True,test
कैमरॉन,cameron,1,1,kaimarona,kemarona,True,dev
कैम्पबेल,campbell,1,1,kaimpabela,kempabela,True,dev
कैरोलिन,caroline,1,1,kairolina,kerolina,True,test
कैरोलिना,carolina,2,2,kairolinaa,kerolina,True,dev
कैलकटा,calcutta,1,1,kailakataa,kelakata,True,dev
कैलगरी,calgary,1,1,kailagarii,kelagari,True,dev
कैलम,callum,1,2,kailama,kelama,True,dev
कैला,calla,1,1,kailaa,kela,True,dev
कैलाश,kailash,2,2,kailaasha,kelasa,True,dev
कैलिस,kellis,1,1,kailisa,kelisa,True,dev
कैली,kelly,1,1,kailii,keli,False,dev
कैलेन,callen,1,1,kailena,kelena,True,dev
कैसर,kaiser,2,3,kaisara,kesara,True,dev
कैसे,how,2,3,kaise,kese,True,dev
कैस्पर,casper,1,1,kaispara,kespara,True,dev
कॉंन्वेंट,convent,1,1,konnventa,konventa,True,dev
कॉक्स,cox,1,1,koksa,koksa,True,dev
कॉड,code,1,1,koda,koda,True,dev
कॉनटिनेंट्‍स,continents,1,1,konatinentsa,konatinentsa,True,dev
कॉनोली,conoly,1,1,konolii,konoli,False,dev
कॉन्व्हेन्ट,convent,1,1,konvhenta,konvhenta,True,dev
कॉन्‍वेंट,convent,1,2,konventa,konventa,True,dev
कॉपर,copper,1,1,kopara,kopara,True,dev
कॉमकास्ट,comcast,1,1,komakaasta,komakasta,True,dev
कॉमनवेल्थ,commonwealth,1,1,komanaveltha,komanavelta,True,dev
कॉमेन,coman,1,1,komena,komena,True,dev
कॉम्पटन,crompton,1,1,kompatana,kompatana,True,dev
कॉरेटा,coretta,1,1,koretaa,koreta,False,dev
कॉर्क,cork,1,1,korka,korka,True,test
कॉर्प,corp,3,3,korpa,korpa,True,test
कॉर्पोरेशन,corporation,9,12,korporeshana,korporesana,True,dev
कॉर‍िन्थ,corinth,1,1,koraintha,korenta,True,dev
कॉल,call,1,1,kola,kola,True,dev
कॉलन,colon,1,1,kolana,kolana,True,test
कॉलिन,kolin,1,2,kolina,kolina,True,test
कॉलेज,college,9,10,koleja,koleja,True,test
कॉवेंनट्री,coventry,1,1,kovennatrii,kovenatri,True,test
कॉस्मो,cosmo,2,2,kosmo,kosmo,False,dev
कॉफ़ी,coffee,1,1,kofii,kofi,False,dev
को,ko,3,6,ko,ko,False,dev
कोई,a,1,1,koii,koi,True,dev
कोएन,koen,1,1,koena,koena,True,dev
कोका,coca,1,2,kokaa,koka,False,dev
कोचीन,cochin,1,1,kochiina,kokina,True,test
कोट,cod,1,1,kota,kota,True,dev
कोटा,quota,1,1,kotaa,kota,False,dev
कोडेक,kodak,1,1,kodeka,kodeka,True,dev
कोनर,corner,1,2,konara,konara,True,dev
कोप,coup,1,1,kopa,kopa,True,dev
कोबरा,cobra,3,3,kobaraa,kobara,True,test
कोबाल्ट,cobalt,1,1,kobaalta,kobalta,True,dev
कोबे,cobey,1,1,kobe,kobe,True,test
कोयो,koyo,1,1,koyo,koio,False,dev
कोरल,koral,1,1,korala,korala,True,dev
कोरा,kora,1,1,koraa,kora,False,test
कोरिया,korea,1,1,koriyaa,koria,True,dev
कोरीटा,coretta,1,1,koriitaa,korita,True,dev
कोर्टनी,courtney,1,1,kortanii,kortani,True,dev
कोर्लिस,corliss,1,1,korlisa,korlisa,True,dev
कोर्स,course,1,1,korsa,korsa,True,test
कोल,coal,2,3,kola,kola,True,dev
कोलंबिया,columbia,2,2,kolanbiyaa,kolanbia,True,test
कोलम्बिया,columbia,1,1,kolambiyaa,kolambia,True,dev
कोला,cola,1,2,kolaa,kola,False,test
कोलोरॅडो,colorado,2,3,koloredo,koloredo,True,test
कोलोरैडो,colorado,2,2,koloraido,koloredo,True,dev
कोल्टन,colton,1,1,koltana,koltana,True,dev
कोस्ट,coast,3,5,kosta,kosta,True,test
कोस्टा,costa,1,1,kostaa,kosta,False,dev
कोस्मो,cosmo,1,1,kosmo,kosmo,False,dev
कोहन,cohen,1,1,kohana,kohana,True,test
क्यूबेक,quebec,1,1,kyuubeka,kiubeka,True,dev
क्राइस्ट,christ,2,3,kraaista,kresta,True,dev
क्राउन,crown,2,2,kraauna,krona,True,dev
क्रास,krass,1,1,kraasa,krasa,True,dev
क्रिएटिव,creative,1,1,krietiva,krietiva,True,dev
क्रिकेट,cricket,1,1,kriketa,kriketa,True,dev
क्रिश्चियन,christian,9,13,krishchiyana,kriskiana,True,dev
क्रिस,chris,3,5,krisa,krisa,True,dev
क्रिसमस,christmas,1,1,krisamasa,krisamasa,True,dev
क्रिस्ट,christ,1,1,krista,krista,True,test
क्रिस्टल,crystal,2,2,kristala,kristala,True,test
क्रिस्टा,krista,1,1,kristaa,krista,False,dev
क्रिस्टी,christie,2,2,kristii,kristi,True,dev
क्रिस्टोफर,christopher,2,2,kristofara,kristofara,True,dev
क्रिस्टोबल,cristobel,1,1,kristobala,kristobala,True,dev
क्रिस्टोफ़र,christopher,1,1,kristofara,kristofara,True,dev
क्रीक,creek,1,1,kriika,krika,True,dev
क्रुक,crooke,1,1,kruka,kruka,True,dev
क्रुज़,cruz,2,2,kruja,kruja,True,dev
क्रूक,crook,1,1,kruuka,kruka,True,dev
क्रेग,craig,2,4,krega,krega,True,dev
क्रेट,crate,1,3,kreta,kreta,True,dev
क्रेडिट,credit,1,1,kredita,kredita,True,dev
क्रेब्स,crabs,1,1,krebsa,krebsa,True,dev
क्रैग,craig,1,1,kraiga,krega,True,dev
क्रैनफील्ड,cranfield,1,1,krainafiilda,krenafilda,True,dev
क्रॉकर,crocker,1,1,krokara,krokara,True,dev
क्रॉस,cross,3,3,krosa,krosa,True,dev
क्रॉसरोडस,crossroads,1,1,krosarodasa,krosarodasa,True,dev
क्रोकर,crocker,1,1,krokara,krokara,True,dev
क्रोना,krona,1,1,kronaa,krona,False,dev
क्लाइव,clive,2,2,klaaiva,kleva,True,test
क्लार्क,clerk,3,5,klaarka,klarka,True,dev
क्लिंटन,clinton,2,2,klintana,klintana,True,dev
क्लिफ,cliff,1,1,klifa,klifa,True,dev
क्लिफ्टन,clifton,1,1,kliftana,kliftana,True,dev
क्लियो,cleo,1,1,kliyo,klio,True,test
क्लियोपात्रा,cleopatra,1,1,kliyopaatraa,kliopatra,True,dev
क्लियोपैट्रा,cleopatra,1,1,kliyopaitraa,kliopetra,True,dev
क्लेम,claim,1,1,klema,klema,True,test
क्लेमेंस,klemens,1,1,klemensa,klemensa,True,dev
क्लेस्ट,kleist,1,1,klesta,klesta,True,dev
क्लोरिस,chloris,2,2,klorisa,klorisa,True,dev
क्लोस,close,1,1,klosa,klosa,True,dev
क्वालिटी,quality,1,1,kvaalitii,kvaliti,True,dev
क्विकस्टेप,quick,1,1,kvikastepa,kvikastepa,True,dev
क्वींटाना,quintana,1,1,kviintaanaa,kvintana,True,dev
क्वीन,queen,2,2,kviina,kvina,True,dev
क्वीन्स,queens,1,1,kviinsa,kvinsa,True,dev
क्वीन्सलैंड,queensland,2,2,kviinsalainda,kvinsalenda,True,dev
क्वेस्ट,quest,1,1,kvesta,kvesta,True,dev
कज़्मायर,consumer,1,1,kajmaayara,kajmaiara,True,dev
खराबा,shed,1,1,kharaabaa,karaba,True,dev
खलील,khalil,1,1,khaliila,kalila,True,dev
खान,khan,11,16,khaana,kana,True,test
खालिद,khalid,2,2,khaalida,kalida,True,dev
गई,gai,1,2,gaii,ge,False,dev
गए,gaye,1,2,gae,ga,True,dev
गगन,gagan,1,1,gagana,gagana,True,dev
गयदा,gayda,1,1,gayadaa,gaiada,True,dev
गर्नेट,garnet,1,1,garneta,garneta,True,dev
गर्ल,girl,6,6,garla,garla,True,dev
गलन,galan,1,1,galana,galana,True,dev
गलब्रेथ,galbraith,1,1,galabretha,galabreta,True,test
गली,gali,2,2,galii,gali,False,test
गल्फ,gulf,1,1,galfa,galfa,True,dev
गस,gas,1,1,gasa,gasa,True,dev
गहरा,deep,1,2,gaharaa,gahara,True,dev
गांधी,gandhi,3,3,gaandhii,gandi,False,test
गाबोन,gabon,1,1,gaabona,gabona,True,dev
गामा,gamma,1,1,gaamaa,gama,False,dev
गारमेंट्स,garment,1,1,gaaramentsa,garamentsa,True,dev
गार्थ,garth,1,1,gaartha,garta,True,test
गिउलिओ,giulio,1,1,giulio,giulio,False,test
गिटार,guitar,1,1,gitaara,gitara,True,dev
गिब्सन,gibson,1,1,gibsana,gibsana,True,dev
गियरिंग,gearing,1,1,giyaringa,giarina,True,dev
गिरिजा,girija,2,2,girijaa,girija,False,dev
गिल,gil,1,1,gila,gila,True,dev
गिल्डा,gilda,1,1,gildaa,gilda,False,dev
गिल्लिअन,gillian,1,1,gilliana,giliana,True,dev
गुंटूर,guntur,1,1,guntuura,guntura,True,dev
गुंडा,punk,1,1,gundaa,gunda,True,dev
गुंथर,gunther,1,1,gunthara,guntara,True,test
गुजरात,gujarat,5,5,gujaraata,gujarata,True,dev
गुड,good,1,1,guda,guda,True,dev
गुडविन,goodwin,1,2,gudavina,gudavina,True,dev
गुनाहों,crimes,1,1,gunaahon,gunahon,True,dev
गुन्टूर,guntur,1,1,guntuura,guntura,True,dev
गुन्नार,gunnar,1,1,gunnaara,gunara,True,dev
गुप्ते,goosey,1,1,gupte,gupte,True,test
गुमनाम,anonymous,1,1,gumanaama,gumanama,True,test
गुरु,guru,2,2,guru,guru,False,dev
गुरू,guru,3,3,guruu,guru,False,dev
गुल,gul,3,4,gula,gula,True,test
गेट,gate,2,2,geta,geta,True,test
गेन्स,gains,1,1,gensa,gensa,True,dev
गेराल्ड,gerald,2,2,geraalda,geralda,True,dev
गेरी,geri,1,3,gerii,geri,False,dev
गेरोनिमो,geronimo,1,1,geronimo,geronimo,False,dev
गेल,gael,1,2,gela,gela,True,dev
गैगल,goggle,1,1,gaigala,gegala,True,dev
गैटेनो,gaetano,1,1,gaiteno,geteno,True,dev
गैमॉन,gammon,1,1,gaimona,gemona,True,dev
गैरीसन,garrison,1,1,gairiisana,gerisana,True,dev
गैरेट,garrett,1,1,gaireta,gereta,True,dev
गैल,gale,1,1,gaila,gela,True,dev
गैलप,gallop,1,1,gailapa,gelapa,True,dev
गैलरी,gallery,6,8,gailarii,gelari,True,dev
गैलिलियो,galileo,1,1,gaililiyo,gelilio,True,test
गैवान,gowan,1,1,gaivaana,gevana,True,test
गैस,gas,1,1,gaisa,gesa,True,dev
गॉ,gough,1,1,go,go,True,dev
गॉडी,goudy,1,1,godii,godi,False,dev
गॉड्स,gods,1,1,godsa,godsa,True,test
गॉरडन,gordon,1,1,goradana,goradana,True,dev
गॉर्ज,gorge,1,1,gorja,gorja,True,dev
गॉर्डन,gordon,1,1,gordana,gordana,True,dev
गोंडा,gonda,1,1,gondaa,gonda,False,dev
गोद,god,1,1,goda,goda,True,test
गोपन,suppression,1,1,gopana,gopana,True,dev
गोपाल,gopal,2,2,gopaala,gopala,True,dev
गोपीनाथ,gopinath,2,2,gopiinaatha,gopinata,True,test
गोबी,gobi,1,1,gobii,gobi,False,dev
गोमर,gomer,1,1,gomara,gomara,True,dev
गोर,gore,2,3,gora,gora,True,dev
गोरजेस,gorges,1,1,gorajesa,gorajesa,True,dev
गोरा,blonde,1,2,goraa,gora,True,dev
गोरिल्ला,gorilla,1,1,gorillaa,gorila,False,dev
गोरे,gore,1,1,gore,gore,False,dev
गोर्बाचेव,gorbachev,1,1,gorbaacheva,gorbakeva,True,dev
गोल,goal,1,1,gola,gola,True,dev
गोलमाल,breakup,1,1,golamaala,golamala,True,test
गोला,gola,2,3,golaa,gola,False,dev
गोले,sells,1,1,gole,gole,True,test
गोल्ड,gold,5,5,golda,golda,True,dev
गोल्डन,golden,5,5,goldana,goldana,True,dev
गोल्डस्मिथ,goldsmith,1,1,goldasmitha,goldasmita,True,dev
गोल्डी,goldy,1,1,goldii,goldi,False,dev
गोल्फ,golf,1,1,golfa,golfa,True,dev
गोवा,goa,3,3,govaa,gova,True,test
गौना,gauna,1,1,gaunaa,gona,False,dev
ग्रांट,grant,3,3,graanta,granta,True,test
ग्रांड,guard,1,1,graanda,granda,True,dev
ग्रान,gran,1,1,graana,grana,True,dev
ग्राफ‍िक,graphic,1,1,graafaika,grafeka,True,dev
ग्राहम,graham,1,1,graahama,grahama,True,dev
ग्रिड,grid,1,1,grida,grida,True,dev
ग्रिफिथ्स,griffiths,1,1,grifithsa,grifitsa,True,dev
ग्रिफिन,griffin,1,1,grifina,grifina,True,dev
ग्रीगोरी,grigory,1,1,griigorii,grigori,False,dev
ग्रीट,greet,1,1,griita,grita,True,test
ग्रीनिज,greenidge,1,2,griinija,grinija,True,dev
ग्रीस,greece,1,1,griisa,grisa,True,dev
ग्रुप,group,20,24,grupa,grupa,True,test
ग्रे,grey,1,1,gre,gre,True,dev
ग्रेग,greg,4,4,grega,grega,True,dev
ग्रेगरी,gregory,1,1,gregarii,gregari,True,test
ग्रेट,great,4,5,greta,greta,True,dev
ग्रेटा,greta,1,1,gretaa,greta,False,test
ग्रेडी,grady,1,1,gredii,gredi,True,dev
ग्रेफ,graf,1,2,grefa,grefa,True,dev
ग्रेस,grace,1,2,gresa,gresa,True,dev
ग्रेसन,grayson,1,1,gresana,gresana,True,dev
ग्रैंड,grade,1,2,grainda,grenda,True,test
ग्रैंडमास्टर्स,grandmaster,1,1,graindamaastarsa,grendamastarsa,True,dev
ग्रैनविले,granville,1,1,grainavile,grenavile,True,test
ग्रैफिकल,graphical,1,1,graifikala,grefikala,True,dev
ग्रैहम,graham,1,1,graihama,grehama,True,test
ग्लेंना,glenna,1,1,glennaa,glena,False,dev
ग्लेन,glen,3,4,glena,glena,True,dev
ग्लेशियर,glacier,1,1,gleshiyara,glesiara,True,test
ग्लैक्सोस्मिथक्लाइन,glaxo,1,1,glaiksosmithaklaaina,gleksosmitaklena,True,dev
ग्लोबल,global,2,2,globala,globala,True,dev
ग्लोमर,glomar,1,1,glomara,glomara,True,test
ग्लोरियस,glorious,1,1,gloriyasa,gloriasa,True,dev
ग्लोरिया,gloria,2,2,gloriyaa,gloria,False,dev
ग्लोरी,glori,1,1,glorii,glori,False,dev
ग्वेंडोलिन,gwendolyn,1,1,gvendolina,gvendolina,True,dev
ग्वेनथ,gwyneth,1,1,gvenatha,gvenata,True,dev
घोष,ghosh,1,1,ghosha,gosa,True,dev
चंदा,chanda,2,2,chandaa,kanda,False,dev
चंद्रिका,chandrika,1,1,chandrikaa,kandrika,False,dev
चंपा,champa,2,2,chanpaa,kanpa,True,dev
चन्द्र,chandra,1,1,chandra,kandra,False,test
चरणों,age,1,2,charanon,karanon,True,dev
चर्च,church,7,8,charcha,karka,True,dev
चर्मैने,chairman,1,1,charmaine,karmene,True,dev
चलता,show,1,1,chalataa,kalata,True,dev
चला,run,1,1,chalaa,kala,True,dev
चा,cha,1,2,chaa,ka,False,dev
चाँद,chand,3,5,chaanda,kanda,True,dev
चांद,chand,1,1,chaanda,kanda,True,dev
चाइल्ड,child,1,1,chaailda,kelda,True,dev
चाउ,chau,1,1,chaau,ko,False,dev
चाड,chad,1,1,chaada,kada,True,dev
चान्द,chand,1,1,chaanda,kanda,True,dev
चायना,china,2,3,chaayanaa,kaiana,True,dev
चार,char,3,3,chaara,kara,True,dev
चार्ल्स,charles,3,5,chaarlsa,karlsa,True,dev
चावला,chawla,1,1,chaavalaa,kavala,True,dev
चित,chit,1,1,chita,kita,True,dev
चित्र,chitra,1,1,chitra,kitra,False,dev
चित्रा,chitra,1,1,chitraa,kitra,False,dev
चिप,chip,1,1,chipa,kipa,True,dev
चिली,chile,1,1,chilii,kili,True,dev
चिल्ड्रन,children,1,1,childrana,kildrana,True,test
चीनी,chinese,1,2,chiinii,kini,True,dev
चुंग,chung,1,1,chunga,kuna,True,dev
चुकाची,chukchi,1,1,chukaachii,kukaki,True,dev
चेंग,cheng,2,2,chenga,kena,True,dev
चेतन,animate,1,2,chetana,ketana,True,dev
चेन्नई,chennai,3,3,chennaii,kene,False,test
चेपल,chapel,1,1,chepala,kepala,True,dev
चेर,cher,1,1,chera,kera,True,dev
चेरी,cheri,1,2,cherii,keri,False,dev
चेस,chase,1,2,chesa,kesa,True,test
चैंपियनशिप,championship,1,1,chainpiyanashipa,kenpianasipa,True,dev
चैंपियन्स,champions,3,3,chainpiyansa,kenpiansa,True,dev
चैतन्य,consciousness,1,1,chaitanya,ketania,True,dev
चैपेल,chappel,1,1,chaipela,kepela,True,test
चैस,chess,1,1,chaisa,kesa,True,dev
चैज़,chase,1,1,chaija,keja,True,dev
चोपिन,chopin,1,1,chopina,kopina,True,dev
चौपट,wreck,1,1,chaupata,kopata,True,test
चौरा,chura,1,1,chauraa,kora,True,test
छटवाल,chatwal,1,1,chhatavaala,khatavala,True,dev
छबि,chubby,1,1,chhabi,khabi,True,dev
छाप,chap,1,1,chhaapa,khapa,True,dev
छुपी,hidden,1,1,chhupii,khupi,True,dev
जंक्शन,junction,48,54,jankshana,janksana,True,test
जंग,war,2,4,janga,jana,True,dev
जंगल,forest,1,3,jangala,janala,True,dev
जज्ज,judge,1,1,jajja,jaja,True,dev
जनरल,general,3,5,janarala,janarala,True,dev
जनरल्स,general,1,1,janaralsa,janaralsa,True,dev
जब,jab,3,3,jaba,jaba,True,dev
जमशेदपुर,jamshedpur,1,1,jamashedapura,jamasedapura,True,test
जम्मू,jammu,1,1,jammuu,jamu,False,dev
जय,jai,7,10,jaya,jaia,True,dev
जर्मन,german,1,2,jarmana,jarmana,True,dev
जर्मनी,germany,1,1,jarmanii,jarmani,True,dev
जवान,javan,2,3,javaana,javana,True,dev
जवाब,answer,1,2,javaaba,javaba,True,test
जश्न,party,1,1,jashna,jasna,True,dev
जसपाल,jaspal,1,1,jasapaala,jasapala,True,dev
जस्टिन,justin,2,2,jastina,jastina,True,dev
जा,ja,2,3,jaa,ja,False,test
जांदा,janda,1,1,jaandaa,janda,False,test
जागो,wake,1,1,jaago,jago,True,test
जान,jaan,5,5,jaana,jana,True,test
जापान,japan,2,2,jaapaana,japana,True,dev
जाफरी,wattle,1,1,jaafarii,jafari,True,dev
जार्विस,jarvis,1,1,jaarvisa,jarvisa,True,dev
जिन,jin,1,1,jina,jina,True,dev
जिमनास्टिक्स,gymnastic,1,2,jimanaastiksa,jimanastiksa,True,test
जिमी,jimi,2,4,jimii,jimi,False,dev
जिम्मी,jimmy,1,1,jimmii,jimi,False,dev
जियोडेसिक,geodesic,1,1,jiyodesika,jiodesika,True,dev
जिल,jill,1,1,jila,jila,True,dev
जिहाद,jihad,1,1,jihaada,jihada,True,test
जी,ji,2,4,jii,ji,False,test
जीने,live,2,4,jiine,jine,True,dev
जुआरी,gambler,1,1,juaarii,juari,True,test
जुगनू,firefly,1,1,juganuu,juganu,True,dev
जुनियर,junior,1,1,juniyara,juniara,True,dev
जुलाई,july,1,1,julaaii,jule,True,dev
जुलियट,juliet,1,1,juliyata,juliata,True,dev
जुलिया,julia,1,1,juliyaa,julia,False,test
जूनियस,junius,1,1,juuniyasa,juniasa,True,test
जूलिएट,juliet,2,2,juulieta,julieta,True,dev
जूलियन,julian,2,2,juuliyana,juliana,True,dev
जूली,juli,1,1,juulii,juli,False,dev
जेक,jack,1,1,jeka,jeka,True,dev
जेकब,jacob,1,1,jekaba,jekaba,True,dev
जेट,jet,2,2,jeta,jeta,True,dev
जेट्टा,jetta,1,1,jettaa,jeta,False,dev
जेन,jain,1,1,jena,jena,True,dev
जेनेट,janet,1,1,jeneta,jeneta,True,dev
जेनेटिक,genetic,1,1,jenetika,jenetika,True,dev
जेनेवा,geneva,1,1,jenevaa,jeneva,True,dev
जेनेवीव,genevieve,1,1,jeneviiva,jeneviva,True,dev
जेपलिन,zeppelin,1,1,jepalina,jepalina,True,dev
जेफ्फ,jeff,1,1,jeffa,jefa,True,dev
जेब,jeb,1,1,jeba,jeba,True,dev
जेमिनी,gemini,2,3,jeminii,jemini,True,dev
जेम्स,james,6,9,jemsa,jemsa,True,dev
जेम्सबॉक,gemsbok,1,1,jemsaboka,jemsaboka,True,test
जेरी,jeri,2,3,jerii,jeri,False,dev
जेरेनियम,geranium,1,1,jereniyama,jereniama,True,test
जेरेल,jerel,1,1,jerela,jerela,True,dev
जेरोल्ड,jerold,1,1,jerolda,jerolda,True,test
जेफ़,jeff,1,1,jefa,jefa,True,dev
जैक,jack,2,4,jaika,jeka,True,dev
जैकमन,jackman,1,1,jaikamana,jekamana,True,dev
जैकलिन,jacqueline,1,2,jaikalina,jekalina,True,dev
जैक्स,jacks,1,1,jaiksa,jeksa,True,dev
जैक्सन,jackson,1,1,jaiksana,jeksana,True,dev
जैनिज़्म,jainism,1,1,jainijma,jenijma,True,test
जैनेल,janelle,1,1,jainela,jenela,True,dev
जैसी,as,1,1,jaisii,jesi,True,dev
जैसे,as,1,1,jaise,jese,True,dev
जॉ,jaw,1,1,jo,jo,False,dev
जॉगिंग,jogging,1,1,joginga,jogina,True,dev
जॉन,john,16,26,jona,jona,True,test
जॉनसन,johnson,5,5,jonasana,jonasana,True,dev
जॉन्‍स,johns,1,1,jonsa,jonsa,True,dev
जॉय,jai,1,2,joya,joia,True,dev
जॉर्ज,george,10,14,jorja,jorja,True,dev
जॉर्जिया,georgia,1,1,jorjiyaa,jorjia,True,dev
जॉर्ज्स,george,2,2,jorjsa,jorjsa,True,dev
जॉर्डन,jordan,1,1,jordana,jordana,True,dev
जो,jo,1,1,jo,jo,False,test
जोंस,josh,2,2,jonsa,jonsa,True,dev
जोएन,joan,1,1,joena,joena,True,dev
जोएल,joel,1,1,joela,joela,True,test
जोडी,jodi,2,2,jodii,jodi,False,test
जोन,zone,1,1,jona,jona,True,dev
जोनाथन,jonathan,1,1,jonaathana,jonatana,True,test
जोनॅथन,jonathan,1,1,jonethana,jonetana,True,dev
जोरू,wife,1,1,joruu,joru,True,dev
जोवन,jovan,1,1,jovana,jovana,True,dev
जोविता,jovita,1,1,jovitaa,jovita,False,dev
जोशी,joshi,2,2,joshii,josi,False,dev
जोस,jose,1,1,josa,josa,True,dev
जोसफ,joseph,3,4,josafa,josafa,True,test
जोसफिन,josephine,1,1,josafina,josafina,True,dev
जोहन,johan,1,1,johana,johana,True,dev
जोहांसबर्ग,johannesburg,1,1,johaansabarga,johansabarga,True,test
ज्यार्जियो,georgia,1,1,jyaarjiyo,jiarjio,True,dev
ज्युनियर,junior,1,1,jyuniyara,jiuniara,True,dev
ज्युपिटर,jupiter,1,1,jyupitara,jiupitara,True,dev
ज्यूपिटर,jupiter,1,1,jyuupitara,jiupitara,True,dev
ज्योमेट्री,geometry,1,1,jyometrii,jiometri,True,dev
ज्वाला,flame,2,2,jvaalaa,jvala,True,test
ज्वेल,jewel,1,1,jvela,jvela,True,dev
झलक,glance,1,2,jhalaka,jalaka,True,test
झूम,zoom,1,1,jhuuma,juma,True,dev
टंगस्टन,tungsten,1,1,tangastana,tanastana,True,dev
टकेडा,takeda,1,1,takedaa,takeda,False,dev
टक्कर,tucker,1,1,takkara,takara,True,dev
टर्नर,turner,2,4,tarnara,tarnara,True,dev
टर्रेट,torrent,1,1,tarreta,tareta,True,test
टाइटन,titan,1,1,taaitana,tetana,True,test
टाइम,time,1,1,taaima,tema,True,dev
टाइम्स,times,3,3,taaimsa,temsa,True,test
टाउन,town,3,4,taauna,tona,True,dev
टाटा,tata,4,4,taataa,tata,False,dev
टाट्रा,tatra,1,1,taatraa,tatra,False,test
टामस,tamas,1,1,taamasa,tamasa,True,dev
टामा,tama,1,1,taamaa,tama,False,dev
टायर्स,tyres,1,1,taayarsa,taiarsa,True,dev
टायसन,tyson,1,1,taayasana,taiasana,True,dev
टार्ज़न,tarzan,1,2,taarjana,tarjana,True,dev
टावर,tower,1,1,taavara,tavara,True,test
टास्मान,tasman,1,1,taasmaana,tasmana,True,dev
टिन,tin,1,1,tina,tina,True,test
टिनो,tino,1,1,tino,tino,False,dev
टिपर,tipper,1,1,tipara,tipara,True,dev
टिम,tim,2,3,tima,tima,True,dev
टी,tea,1,1,tii,ti,True,dev
टीसाइड,decide,1,1,tiisaaida,tiseda,True,dev
टू,to,1,2,tuu,tu,True,dev
टूहे,toohey,1,1,tuuhe,tuhe,True,test
टॅश,tash,1,1,tesha,tesa,True,test
टेक,teck,1,1,teka,teka,True,dev
टेक्नोलॉजिस,technologies,1,1,teknolojisa,teknolojisa,True,dev
टेक्नोलॉजी,technology,7,7,teknolojii,teknoloji,True,test
टेक्नोलॉजीज़,technologies,4,6,teknolojiija,teknolojija,True,dev
टेट,tet,1,1,teta,teta,True,dev
टेड,ted,2,2,teda,teda,True,dev
टेनेट,tenet,1,1,teneta,teneta,True,dev
टेम्पल,temple,2,2,tempala,tempala,True,test
टेरी,terry,2,2,terii,teri,False,dev
टेरेंस,terrace,1,1,terensa,terensa,True,dev
टेलर,tailor,3,4,telara,telara,True,dev
टेलीकम्युनिकेशंस,telecommunication,1,1,teliikamyunikeshansa,telikamiunikesansa,True,dev
टेलीकॉम,telecom,1,2,teliikoma,telikoma,True,dev
टेलीविज़न,television,2,2,teliivijana,telivijana,True,dev
टेविटा,davida,1,1,tevitaa,tevita,True,dev
टेस,tess,1,1,tesa,tesa,True,test
टैंगो,tango,2,2,taingo,teno,True,dev
टैंडम,tandem,1,1,taindama,tendama,True,test
टैक्सास,texas,1,1,taiksaasa,teksasa,True,test
टैट,tait,1,1,taita,teta,True,dev
टैड,tad,1,1,taida,teda,True,test
टैरी,dairy,1,1,tairii,teri,True,dev
टैरो,tarot,1,1,tairo,tero,True,dev
टैलिफ़ोन,telephone,1,1,tailifona,telifona,True,dev
टैवर्न,tavern,1,1,taivarna,tevarna,True,dev
टॉप,top,1,1,topa,topa,True,dev
टॉम,tom,4,4,toma,toma,True,test
टॉमस,times,1,2,tomasa,tomasa,True,test
टॉर्म,tram,1,1,torma,torma,True,dev
टॉवर,tower,11,13,tovara,tovara,True,dev
टोक्यो,tokyo,3,3,tokyo,tokio,False,dev
टोनी,toni,2,3,tonii,toni,False,test
टोन्या,tonia,1,1,tonyaa,tonia,False,dev
टोपेका,topeka,1,1,topekaa,topeka,False,dev
टोबॅक्को,tobacco,1,1,tobekko,tobeko,True,dev
टोरी,tori,2,2,torii,tori,False,test
टौम,tom,1,1,tauma,toma,True,dev
ट्रंप,trump,1,1,tranpa,tranpa,True,test
ट्रम्प,trump,1,1,trampa,trampa,True,dev
ट्रम्बुल,trouble,1,1,trambula,trambula,True,dev
ट्रस्ट,trust,2,2,trasta,trasta,True,dev
ट्रस्टीस,trustees,1,1,trastiisa,trastisa,True,dev
ट्रांसपोर्ट,transport,1,1,traansaporta,transaporta,True,dev
ट्रांसमेरीका,transamerica,1,1,traansameriikaa,transamerika,False,dev
ट्रांसलेशन,translation,1,1,traansaleshana,transalesana,True,test
ट्रिब्यून,tribune,1,2,tribyuuna,tribiuna,True,dev
ट्रिस्टन,tristan,1,1,tristana,tristana,True,dev
ट्रीनिटी,trinity,1,1,triinitii,triniti,False,dev
ट्रुमॅन,true,1,1,trumena,trumena,True,dev
ट्रूमेन,truman,1,1,truumena,trumena,True,dev
ट्रूली,truly,1,1,truulii,truli,False,test
ट्रॅविस,travis,1,1,trevisa,trevisa,True,test
ट्रे,tray,1,1,tre,tre,True,dev
ट्रेक,trek,1,1,treka,treka,True,dev
ट्रेड,trade,1,2,treda,treda,True,test
ट्रेडिंग,trading,1,1,tredinga,tredina,True,dev
ट्रेथवे,trethewey,1,1,trethave,tretave,True,dev
ट्रेवर,trevor,2,3,trevara,trevara,True,dev
ट्रैक,track,1,1,traika,treka,True,test
ठाणे,thano,1,1,thaane,tane,True,test
डंग,dung,1,1,danga,dana,True,dev
डग,dug,1,1,daga,daga,True,test
डन,done,1,1,dana,dana,True,dev
डब्ल‍िन,dublin,1,1,dablaina,dablena,True,test
डम,dum,3,4,dama,dama,True,dev
डर्क,dark,1,1,darka,darka,True,dev
डर्ट,dirt,1,2,darta,darta,True,test
डलसाइमर,dulcimer,1,1,dalasaaimara,dalasemara,True,dev
डस्टिन,dustin,1,1,dastina,dastina,True,test
डा,da,1,1,daa,da,False,dev
डांस,dance,4,4,daansa,dansa,True,dev
डांसर,dancer,2,2,daansara,dansara,True,dev
डाइविंग,diving,1,2,daaivinga,devina,True,dev
डाइवोर्स,divorce,1,1,daaivorsa,devorsa,True,test
डाईविंग,driving,1,1,daaiivinga,devina,True,dev
डाउनिंग,downing,1,1,daauninga,donina,True,test
डाएन,dain,1,2,daaena,dana,True,test
डायएन,dyan,1,1,daayaena,daiana,True,test
डायल,dial,1,1,daayala,daiala,True,dev
डायोन,dion,1,1,daayona,daiona,True,dev
डार्क,dark,1,1,daarka,darka,True,dev
डार्ट,dart,1,1,daarta,darta,True,dev
डार्ट्स,dats,1,1,daartsa,dartsa,True,dev
डार्लिंग,darling,2,2,daarlinga,darlina,True,test
डालो,pour,1,1,daalo,dalo,True,dev
डिंडुगुल,demands,1,1,dindugula,dindugula,True,dev
डिक,dick,1,2,dika,dika,True,dev
डिक्स,dicks,1,1,diksa,diksa,True,dev
डिजीटल,digital,1,1,dijiitala,dijitala,True,dev
डिटेक्टिव,detective,1,1,ditektiva,ditektiva,True,test
डिडिएर,didier,1,1,didiera,didiera,True,test
डिफेंसिव,defensive,1,1,difensiva,difensiva,True,dev
डिमीटर,demeter,1,1,dimiitara,dimitara,True,dev
डियो,deo,1,1,diyo,dio,True,test
डियोन,dionne,1,1,diyona,diona,True,dev
डिवाइन,divine,1,1,divaaina,divena,True,dev
डिवॉल्यूशन,devolution,1,1,divolyuushana,divoliusana,True,dev
डिस्को,disco,1,1,disko,disko,False,dev
डिस्ट्रिक्ट,district,1,1,distrikta,distrikta,True,dev
डिस्ट्रीक्ट,district,1,1,distriikta,distrikta,True,dev
डी,d,9,13,dii,di,True,dev
डीनो,dino,1,1,diino,dino,False,dev
डीप,deep,1,1,diipa,dipa,True,test
डूग,dug,1,1,duuga,duga,True,test
डे,day,17,19,de,de,True,dev
डेक्कर,dekker,1,1,dekkara,dekara,True,dev
डेक्स्ट्रा,dextra,1,1,dekstraa,dekstra,True,test
डेज,days,1,1,deja,deja,True,dev
डेजी,gowan,1,1,dejii,deji,True,dev
डेटन,dayton,1,1,detana,detana,True,test
डेटस्कलैंड,dusk,1,1,detaskalainda,detaskalenda,True,test
डेनमार्क,denmark,1,1,denamaarka,denamarka,True,dev
डेनियल,daniel,1,1,deniyala,deniala,True,dev
डेनिस,denis,2,4,denisa,denisa,True,test
डेप्ट,debt,1,1,depta,depta,True,dev
डेफ्रेटास,defreitas,1,1,defretaasa,defretasa,True,dev
डेम,dam,1,1,dema,dema,True,test
डेमिन,denim,1,1,demina,demina,True,dev
डेमी,demi,1,1,demii,demi,False,test
डेरिक,derrick,1,1,derika,derika,True,dev
डेरिन,darin,1,1,derina,derina,True,dev
डेरेक,derek,2,2,dereka,dereka,True,dev
डेर्ला,darla,1,1,derlaa,derla,True,dev
डेल,dell,2,3,dela,dela,True,dev
डेलिला,delila,1,1,delilaa,delila,False,dev
डेली,daily,1,1,delii,deli,False,dev
डेल्टा,delta,3,3,deltaa,delta,False,test
डेल्ही,delhi,11,11,delhii,delhi,False,dev
डेव,deb,1,2,deva,deva,True,dev
डेवन,devon,1,1,devana,devana,True,dev
डेवलपमेंट,development,1,1,devalapamenta,devalapamenta,True,dev
डेविड,david,9,10,devida,devida,True,dev
डेविडसन,davidson,1,1,devidasana,devidasana,True,test
डेविस,davis,1,1,devisa,devisa,True,dev
डेवीस,davis,1,1,deviisa,devisa,True,dev
डेवोना,devona,1,1,devonaa,devona,False,dev
डेस,days,1,1,desa,desa,True,dev
डेसॉल्ट,dassault,1,1,desolta,desolta,True,dev
डेस्मंड,desmond,1,1,desmanda,desmanda,True,test
डेज़,days,1,1,deja,deja,True,dev
डैडी,daddy,1,1,daidii,dedi,True,dev
डैनी,danny,1,1,dainii,deni,True,dev
डैम,dam,10,22,daima,dema,True,dev
डैरियस,dairies,1,2,dairiyasa,deriasa,True,dev
डैवा,daiwa,1,1,daivaa,deva,False,test
डॉ,dan,1,1,do,do,True,dev
डॉक्टर,doctor,2,2,doktara,doktara,True,test
डॉग,dog,1,1,doga,doga,True,dev
डॉगल्स,douglas,1,1,dogalsa,dogalsa,True,dev
डॉट,haunt,1,1,dota,dota,True,test
डॉन,don,2,2,dona,dona,True,test
डॉबरी,dobry,1,1,dobarii,dobari,True,dev
डॉमिनिक,dominic,1,1,dominika,dominika,True,dev
डॉमिनियन,dominion,1,1,dominiyana,dominiana,True,dev
डॉरेन,doren,1,1,dorena,dorena,True,test
डॉर्कस,dorcas,1,1,dorkasa,dorkasa,True,test
डॉल,dal,1,1,dola,dola,True,dev
डॉलर,dollar,1,1,dolara,dolara,True,dev
डॉली,tolly,1,1,dolii,doli,True,test
डो,do,1,2,do,do,False,dev
डोएन,doyen,1,1,doena,doena,True,dev
डोनल,tonal,1,1,donala,donala,True,dev
डोनली,donnelly,1,1,donalii,donali,True,dev
डोनाल्ड,donald,2,2,donaalda,donalda,True,dev
डोमिनिक,dominik,1,1,dominika,dominika,True,dev
डोमिनो,domino,1,1,domino,domino,False,dev
डोर,door,2,2,dora,dora,True,test
डोरी,cord,2,3,dorii,dori,True,dev
डोरोथिया,dorothea,1,1,dorothiyaa,dorotia,True,dev
डोल,dol,1,1,dola,dola,True,dev
ड्यूगुड,duguid,1,1,dyuuguda,diuguda,True,dev
ड्रमर्स,drummers,1,1,dramarsa,dramarsa,True,dev
ड्रम्स,drums,1,1,dramsa,dramsa,True,dev
ड्राइटन,drayton,1,1,draaitana,dretana,True,dev
ड्राक्युला,dracula,1,1,draakyulaa,drakiula,True,test
ड्राफ्ट्‍स,drafts,1,1,draaftsa,draftsa,True,dev
ड्रिपिंग,dripping,1,1,dripinga,dripina,True,test
ड्रीम,dream,1,1,driima,drima,True,dev
ड्रैको,drake,1,1,draiko,dreko,True,dev
ड्रॉइंग,drawing,1,1,droinga,droina,True,dev
तक,tak,1,1,taka,taka,True,dev
तमन्ना,wish,1,1,tamannaa,tamana,True,test
तमिलनाडू,tamil,1,1,tamilanaaduu,tamilanadu,True,test
तमी,tami,1,1,tamii,tami,False,dev
तल,tal,1,1,tala,tala,True,dev
तान,tan,1,1,taana,tana,True,dev
तारा,tara,1,1,taaraa,tara,False,dev
ताशकंद,tashkent,1,1,taashakanda,tasakanda,True,dev
ताक़त,power,1,1,taakata,takata,True,dev
तुंग,tung,1,1,tunga,tuna,True,dev
तुलसी,basil,2,2,tulasii,tulasi,True,dev
तुषार,blight,2,2,tushaara,tusara,True,test
तू,tu,4,4,tuu,tu,False,dev
तूफ़ान,storm,1,1,tuufaana,tufana,True,dev
तृप्ति,fulfillment,1,1,tripti,tripti,True,dev
तेजस्वी,stunning,1,1,tejasvii,tejasvi,True,dev
तेरी,teri,10,11,terii,teri,False,test
तेल,oil,1,1,tela,tela,True,dev
तेलुगू,telugu,1,1,teluguu,telugu,False,dev
तैसा,tit,1,1,taisaa,tesa,True,dev
तो,to,5,8,to,to,False,dev
तोरन,toran,1,1,torana,torana,True,test
तोशिबा,toshiba,1,1,toshibaa,tosiba,False,dev
त्रिनिदाद,trinidad,1,1,trinidaada,trinidada,True,dev
त्रिश,trish,1,1,trisha,trisa,True,dev
त्सावो,tsao,1,1,tsaavo,tsavo,True,dev
तक़दीर,fat,1,1,takadiira,takadira,True,dev
थायेर,thayer,1,1,thaayera,taiera,True,test
थार,thar,1,1,thaara,tara,True,dev
थियोडोरा,theodora,1,1,thiyodoraa,tiodora,True,dev
थीफ,thief,1,1,thiifa,tifa,True,test
थेटिस,thetis,1,1,thetisa,tetisa,True,dev
थेम्स,thames,1,1,themsa,temsa,True,dev
थैचर,thatcher,1,1,thaichara,tekara,True,test
थैलियम,thallium,1,1,thailiyama,teliama,True,test
थॉमप्सन,thompson,1,1,thomapsana,tomapsana,True,dev
थॉमस,thomas,2,4,thomasa,tomasa,True,dev
थॉमसन,thomson,2,3,thomasana,tomasana,True,dev
थोरंटन,thornton,1,1,thorantana,torantana,True,dev
थोरिंग्टन,thorington,1,1,thoringtana,torintana,True,dev
थोरियम,thorium,1,1,thoriyama,toriama,True,dev
थ्योरी,theory,1,1,thyorii,tiori,True,dev
थ्री,three,2,3,thrii,tri,False,dev
थ‍िएटर,theatre,2,2,thaietara,titara,True,dev
द,te,45,63,da,da,True,test
दगन,dagan,1,1,dagana,dagana,True,dev
दम,own,1,1,dama,dama,True,dev
दमदमा,barbette,1,1,damadamaa,damadama,True,dev
दमास्कस,damascus,1,1,damaaskasa,damaskasa,True,dev
दया,daya,1,1,dayaa,daia,False,test
दर,rate,1,1,dara,dara,True,test
दरवाज़ा,door,1,1,daravaajaa,daravaja,True,dev
दलाल,dalal,1,1,dalaala,dalala,True,dev
दली,dali,1,1,dalii,dali,False,test
दस,das,1,1,dasa,dasa,True,dev
दा,da,2,2,daa,da,False,dev
दांते,dante,1,1,daante,dante,False,dev
दाग,blot,1,3,daaga,daga,True,dev
दाते,date,1,1,daate,date,False,dev
दादा,dada,1,1,daadaa,dada,False,dev
दाना,dana,1,1,daanaa,dana,False,dev
दानिश,danish,1,1,daanisha,danisa,True,dev
दामन,daman,1,1,daamana,damana,True,dev
दास,doss,1,1,daasa,dasa,True,dev
दाढ़ी,beard,1,1,daadhii,dadi,True,dev
दिन,din,7,7,dina,dina,True,dev
दिनेश,dinesh,3,3,dinesha,dinesa,True,dev
दी,dee,1,2,dii,di,False,dev
दीदी,didi,1,1,diidii,didi,False,dev
दीन,deen,2,4,diina,dina,True,dev
दीप,deep,4,4,diipa,dipa,True,dev
दीपक,deepak,1,1,diipaka,dipaka,True,dev
दीव,tv,1,1,diiva,diva,True,test
दीवानी,civil,1,1,diivaanii,divani,True,dev
दीवाने,crazy,1,2,diivaane,divane,True,dev
दुआ,duan,1,1,duaa,dua,True,dev
दुश्मनी,animosity,1,1,dushmanii,dusmani,True,dev
दूँ,doom,1,1,duun,dun,True,test
दूँगा,will,1,1,duungaa,duna,True,dev
दूर,off,2,3,duura,dura,True,dev
देंगे,will,1,1,denge,dene,True,test
देव,dev,2,2,deva,deva,True,dev
देवा,deva,1,1,devaa,deva,False,dev
देश,country,2,3,desha,desa,True,test
दैई,dai,2,3,daiii,dei,True,dev
दॉन,dan,1,1,dona,dona,True,dev
दो,do,23,32,do,do,False,dev
दोस्त,dost,2,4,dosta,dosta,True,dev
द्वीप,island,1,1,dviipa,dvipa,True,test
द‍िन,din,1,1,daina,dena,True,dev
द‍िव्य,divine,1,1,daivya,devia,True,test
धर्मा,dharma,1,1,dharmaa,darma,False,dev
धिया,dhia,1,1,dhiyaa,dia,False,test
धुन,thune,1,1,dhuna,duna,True,dev
न,not,3,4,na,na,True,dev
नंदी,nandi,1,1,nandii,nandi,False,dev
नंबर,number,1,1,nanbara,nanbara,True,dev
नईम,naim,1,1,naiima,nema,True,test
नगरी,town,1,1,nagarii,nagari,True,dev
नडाल,nadal,1,1,nadaala,nadala,True,dev
नताली,natali,1,1,nataalii,natali,False,dev
नताशा,natasha,1,1,nataashaa,natasa,False,dev
नतीजा,result,1,1,natiijaa,natija,True,dev
नद्र,nerd,1,1,nadra,nadra,True,dev
ननद,sister,1,1,nanada,nanada,True,dev
नमस्ते,namaste,1,1,namaste,namaste,False,dev
नमाज़,fasting,1,1,namaaja,namaja,True,dev
नमूना,sample,1,1,namuunaa,namuna,True,dev
नरसिम्हा,narasimha,1,1,narasimhaa,narasimha,False,dev
नर्तकी,dancer,1,2,nartakii,nartaki,True,dev
नव,new,1,1,nava,nava,True,dev
नवल,naval,1,1,navala,navala,True,test
नशा,intoxication,1,1,nashaa,nasa,True,dev
ना,not,1,1,naa,na,True,dev
नाइट,knight,1,2,naaita,neta,True,dev
नाइल,nile,1,1,naaila,nela,True,dev
नाओमी,naomi,1,1,naaomii,naomi,False,test
नागासाकी,nagasaki,1,1,naagaasaakii,nagasaki,False,dev
नागिन,nagin,3,3,naagina,nagina,True,dev
नाचे,dance,1,1,naache,nake,True,test
नाथ,nath,1,1,naatha,nata,True,dev
नाथन,nathan,2,2,naathana,natana,True,dev
नादिया,nadia,1,1,naadiyaa,nadia,False,dev
नारायण,narayan,3,3,naaraayana,naraiana,True,dev
नाव,boat,1,1,naava,nava,True,dev
नासमझ,goofy,1,1,naasamajha,nasamaja,True,dev
नासा,nasa,1,1,naasaa,nasa,False,dev
नाज़र,beam,1,1,naajara,najara,True,dev
निक,nick,1,1,nika,nika,True,dev
निकोलस,nicholas,1,1,nikolasa,nikolasa,True,dev
निकोलसन,nicholson,1,1,nikolasana,nikolasana,True,test
निक्की,nikki,2,2,nikkii,niki,False,dev
निदा,neda,1,1,nidaa,nida,True,dev
निनोन,ninon,1,1,ninona,ninona,True,dev
निप्पॉन,nippon,2,2,nippona,nipona,True,dev
निर्मल,clear,1,1,nirmala,nirmala,True,test
निलय,ventricle,1,1,nilaya,nilaia,True,dev
निशान,mark,1,3,nishaana,nisana,True,dev
निस्सन,nissan,1,1,nissana,nisana,True,test
नीदरलैंडन,nederlanden,1,1,niidaralaindana,nidaralendana,True,test
नील,neel,4,4,niila,nila,True,dev
नूतन,newly,1,1,nuutana,nutana,True,dev
ने,ney,1,1,ne,ne,True,dev
नेग्रो,negro,1,1,negro,negro,False,dev
नेट,net,2,2,neta,neta,True,dev
नेटवर्क्स,networks,1,1,netavarksa,netavarksa,True,dev
नेने,nene,1,1,nene,nene,False,test
नेल,nail,1,1,nela,nela,True,test
नेल्सन,nelson,2,2,nelsana,nelsana,True,dev
नेशनल,national,16,20,neshanala,nesanala,True,dev
नेशनवाइड,nationwide,1,1,neshanavaaida,nesanaveda,True,dev
नेस्टर,nester,1,1,nestara,nestara,True,test
नेहमियाह,nehemiah,1,1,nehamiyaaha,nehamiaha,True,dev
नेहरु,nehru,1,1,neharu,neharu,True,test
नेहरू,nehru,1,1,neharuu,neharu,True,test
नैचरल,natural,1,1,naicharala,nekarala,True,dev
नैन्सी,nancy,1,1,nainsii,nensi,True,test
नैया,ferry,1,1,naiyaa,neia,True,dev
नॉट,note,1,1,nota,nota,True,dev
नॉरबेर्ट,norbert,1,1,noraberta,noraberta,True,test
नॉरविच,norwich,1,1,noravicha,noravika,True,dev
नॉर्थ,north,3,5,northa,norta,True,dev
नो,no,1,1,no,no,False,dev
नोट,note,1,1,nota,nota,True,dev
नोथ,noth,1,1,notha,nota,True,test
नोबल,noble,1,1,nobala,nobala,True,dev
नोर्मा,norma,1,1,normaa,norma,False,dev
नोला,nola,1,1,nolaa,nola,False,test
नोल्टे,nolte,1,1,nolte,nolte,False,dev
नोवा,nova,1,1,novaa,nova,False,dev
न्याय,justice,1,1,nyaaya,niaia,True,dev
न्युमेन,newman,1,1,nyumena,niumena,True,dev
न्यू,new,12,12,nyuu,niu,True,test
न्यूकैसल,new,1,1,nyuukaisala,niukesala,True,dev
न्यूबर्ग,newberg,1,1,nyuubarga,niubarga,True,test
न्यूबेरी,newberry,1,2,nyuuberii,niuberi,True,dev
नज़र,nazar,2,3,najara,najara,True,test
पंजा,claw,1,2,panjaa,panja,True,dev
पंजाब,punjab,3,3,panjaaba,panjaba,True,dev
पंडित,pandit,1,1,pandita,pandita,True,dev
पंत,pant,1,1,panta,panta,True,dev
पंढ़ेर,pander,1,1,pandhera,pandera,True,dev
पटेल,patel,4,4,patela,patela,True,dev
पतन,fall,1,1,patana,patana,True,dev
पनामा,panama,2,2,panaamaa,panama,False,dev
पब्लिक,public,4,5,pablika,pablika,True,test
पब्लिक्स,publics,1,1,pabliksa,pabliksa,True,dev
पब्ल‍िक,public,2,2,pablaika,pableka,True,test
पब्‍लिक,public,1,1,pablika,pablika,True,dev
पर,par,2,3,para,para,True,dev
परमा,parma,1,1,paramaa,parama,True,dev
पराया,alien,1,1,paraayaa,paraia,True,dev
पर्किन,parking,1,1,parkina,parkina,True,dev
पर्डी,pardi,1,1,pardii,pardi,False,test
पर्फेक्ट,perfect,1,1,parfekta,parfekta,True,dev
पवन,wind,1,1,pavana,pavana,True,dev
पश्चिम,west,1,1,pashchima,paskima,True,dev
पसीना,sweat,1,1,pasiinaa,pasina,True,dev
पहले,first,1,4,pahale,pahale,True,dev
पहाड़ी,hill,2,2,pahaadii,pahadi,True,dev
पाइप,pipe,1,1,paaipa,pepa,True,dev
पाक,pak,1,1,paaka,paka,True,dev
पाठक,pathak,1,1,paathaka,pataka,True,test
पाप,sin,3,4,paapa,papa,True,dev
पाब्लो,pablo,1,1,paablo,pablo,False,dev
पाम,palm,2,2,paama,pama,True,dev
पार,paar,3,4,paara,para,True,dev
पारो,paro,1,1,paaro,paro,False,dev
पार्क,park,3,3,paarka,parka,True,dev
पार्कर,parker,1,1,paarkara,parkara,True,dev
पार्कवे,parkway,1,1,paarkave,parkave,True,dev
पार्क्स,packers,1,1,paarksa,parksa,True,test
पार्टी,party,1,1,paartii,parti,False,test
पार्मा,parma,1,1,paarmaa,parma,False,dev
पालकी,sedan,1,1,paalakii,palaki,True,dev
पावन,holy,1,1,paavana,pavana,True,test
पावरफुल,powerful,1,1,paavarafula,pavarafula,True,test
पाश,loop,1,1,paasha,pasa,True,dev
पास,close,2,2,paasa,pasa,True,test
पासपोर्ट,passport,1,1,paasaporta,pasaporta,True,dev
पासिंग,passing,1,1,paasinga,pasina,True,dev
पिंग,ping,1,1,pinga,pina,True,dev
पिंगले,pingley,1,1,pingale,pinale,True,dev
पिंजरा,cage,1,1,pinjaraa,pinjara,True,dev
पिंटो,pinto,1,1,pinto,pinto,False,dev
पिंसन,pinson,1,1,pinsana,pinsana,True,test
पिक,pik,1,1,pika,pika,True,dev
पिकन्स,pinks,1,1,pikansa,pikansa,True,test
पिट,pit,2,2,pita,pita,True,dev
पिट्सबर्ग,pittsburg,1,1,pitsabarga,pitsabarga,True,test
पिरामिड,pyramid,1,1,piraamida,piramida,True,test
पिरेली,pirelli,1,1,pirelii,pireli,False,dev
पिरेस,pierre,1,1,piresa,piresa,True,dev
पिलग्रिम,pilgrim,1,1,pilagrima,pilagrima,True,dev
पिसा,pisa,1,1,pisaa,pisa,False,dev
पीक,peak,1,1,piika,pika,True,dev
पीटर,peter,8,8,piitara,pitara,True,dev
पीता,do,1,1,piitaa,pita,True,dev
पीयरसन,pearson,1,1,piiyarasana,piarasana,True,test
पीर,peer,1,2,piira,pira,True,dev
पील,peel,1,1,piila,pila,True,dev
पीस,peace,3,4,piisa,pisa,True,dev
पुकार,call,1,2,pukaara,pukara,True,dev
पुण्य,holy,1,1,punya,punia,True,dev
पुरी,puri,2,3,purii,puri,False,dev
पुर्ज़ा,memo,1,1,purjaa,purja,True,dev
पुलास्की,pulaski,1,1,pulaaskii,pulaski,False,dev
पुलिस,police,1,3,pulisa,pulisa,True,test
पूरब,east,1,1,puuraba,puraba,True,dev
पूल्स,pulse,1,1,puulsa,pulsa,True,dev
पॅट,pat,1,1,peta,peta,True,dev
पे,pay,1,2,pe,pe,True,dev
पेंटर,painter,1,1,pentara,pentara,True,dev
पेकार्ड,packard,1,1,pekaarda,pekarda,True,dev
पेट,peat,1,2,peta,peta,True,dev
पेटागोनियन,patagonian,1,1,petaagoniyana,petagoniana,True,test
पेट्री,petri,1,1,petrii,petri,False,dev
पेट्रो,petro,3,3,petro,petro,False,test
पेट्रोनस,patrons,1,1,petronasa,petronasa,True,dev
पेट्रोलियम,petroleum,4,4,petroliyama,petroliama,True,test
पेन,pan,1,2,pena,pena,True,dev
पेन्स,pens,1,1,pensa,pensa,True,test
पेप,pep,1,1,pepa,pepa,True,dev
पेपर,paper,1,1,pepara,pepara,True,dev
पेपिन,pepin,1,1,pepina,pepina,True,test
पेरिस,paris,2,2,perisa,perisa,True,dev
पेरीन,perin,1,1,periina,perina,True,dev
पेसिफक,pacific,1,1,pesifaka,pesifaka,True,dev
पैक,pack,1,1,paika,peka,True,dev
पैटर्सन,patterson,1,1,paitarsana,petarsana,True,dev
पैन,pine,1,1,paina,pena,True,dev
पैरागुएन,paraguayan,1,1,pairaaguena,peraguena,True,dev
पैसिफिक,pacific,1,1,paisifika,pesifika,True,dev
पॉइंट,point,3,3,pointa,pointa,True,dev
पॉईंट,point,1,1,poiinta,pointa,True,dev
पॉटर,potter,1,1,potara,potara,True,dev
पॉन्ग,pong,1,1,ponga,pona,True,test
पॉमोलिव,palmolive,1,1,pomoliva,pomoliva,True,dev
पॉल,paul,3,8,pola,pola,True,test
पॉलिश,polish,2,2,polisha,polisa,True,dev
पॉवर,power,4,6,povara,povara,True,dev
पोएट्री,poetry,1,1,poetrii,poetri,False,test
पोय,poe,1,1,poya,poia,True,dev
पोर्ट,port,2,2,porta,porta,True,dev
पोर्टेला,portela,1,1,portelaa,portela,False,dev
पोर्ट्समाउथ,portsmouth,1,1,portsamaautha,portsamota,True,test
पोल,pole,1,1,pola,pola,True,dev
पोलार्ड,pollard,1,1,polaarda,polarda,True,dev
पोलो,polo,1,1,polo,polo,False,dev
पोस्ट,post,3,3,posta,posta,True,dev
प्यारी,only,1,1,pyaarii,piari,True,test
प्यारे,dear,1,1,pyaare,piare,True,dev
प्यास,thirst,1,1,pyaasa,piasa,True,dev
प्रगति,progress,1,1,pragati,pragati,True,test
प्रताप,pratap,2,2,prataapa,pratapa,True,dev
प्रतीक,symbol,1,1,pratiika,pratika,True,test
प्रदेश,pradesh,1,1,pradesha,pradesa,True,dev
प्रशांत,prashant,1,1,prashaanta,prasanta,True,dev
प्रसाद,prasad,2,2,prasaada,prasada,True,dev
प्राइस,price,1,1,praaisa,presa,True,dev
प्राइज़,prize,35,52,praaija,preja,True,dev
प्रायर,prior,1,1,praayara,praiara,True,dev
प्रिंट,print,1,1,printa,printa,True,dev
प्रिंटिंग,printing,1,1,printinga,printina,True,dev
प्रिंस,prince,1,1,prinsa,prinsa,True,dev
प्रिंसिपेलिटी,principality,1,1,prinsipelitii,prinsipeliti,True,dev
प्रिक्स,pricks,2,4,priksa,priksa,True,dev
प्रिन्स,prince,1,1,prinsa,prinsa,True,dev
प्रिमो,primo,1,1,primo,primo,False,dev
प्रिस,pris,1,1,prisa,prisa,True,test
प्रिस‍िज़न,precision,1,1,prisaijana,prisejana,True,dev
प्रिज़कर,pritzker,1,1,prijakara,prijakara,True,test
प्रुडेंस,prudence,1,1,prudensa,prudensa,True,dev
प्रुडेन्शियल,prudential,1,1,prudenshiyala,prudensiala,True,dev
प्रेअर,prayer,1,1,preara,preara,True,dev
प्रेम,prem,11,13,prema,prema,True,test
प्रेयोर,prayer,1,1,preyora,preiora,True,dev
प्रोगेसिव,progressive,1,1,progesiva,progesiva,True,dev
प्रोजेक्ट्स,projects,1,1,projektsa,projektsa,True,dev
प्रोफाइल्स,profiles,1,1,profaailsa,profelsa,True,dev
प्रोफिट,profit,1,1,profita,profita,True,test
प्रोफेश्नल,professional,1,1,profeshnala,profesnala,True,test
प्रोफेसर,professor,2,2,profesara,profesara,True,test
प्रोमीथियम,promethium,1,1,promiithiyama,promitiama,True,dev
प्रोवेंस,provence,1,1,provensa,provensa,True,dev
प्रोसेसिंग,processing,1,1,prosesinga,prosesina,True,dev
प्लाज़ा,plaza,6,6,plaajaa,plaja,True,dev
प्लेटफार्म,platform,1,1,pletafaarma,pletafarma,True,dev
प्लेटिनम,platinum,1,1,pletinama,pletinama,True,test
प्लेट्‍यू,plateau,1,1,pletyuu,pletiu,True,test
प्लेनफिल्ड,plainfield,1,1,plenafilda,plenafilda,True,dev
प्लेयर,player,4,4,pleyara,pleiara,True,dev
प्लेयर्स,players,1,1,pleyarsa,pleiarsa,True,dev
प्लेस,place,2,2,plesa,plesa,True,dev
फणसे,fancy,1,1,fanase,fanase,True,dev
फतह,fatah,1,1,fataha,fataha,True,dev
फतेह,fateh,2,3,fateha,fateha,True,test
फन,fun,1,1,fana,fana,True,dev
फरहत,farhat,1,1,farahata,farahata,True,dev
फरार,absconding,1,1,faraara,farara,True,dev
फराह,farah,1,1,faraaha,faraha,True,dev
फरियाद,complaint,1,1,fariyaada,fariada,True,dev
फर्डिनांड,ferdinand,1,1,fardinaanda,fardinanda,True,dev
फर्न,fan,1,1,farna,farna,True,test
फर्नेंडो,fernando,2,4,farnendo,farnendo,True,test
फर्मी,fermi,1,1,farmii,farmi,True,dev
फर्स्ट,first,2,2,farsta,farsta,True,dev
फहद,fahd,1,1,fahada,fahada,True,dev
फांटा,fanta,1,1,faantaa,fanta,False,dev
फाउंडेशन,foundation,1,1,faaundeshana,fondesana,True,dev
फाटेट,faded,1,1,faateta,fateta,True,dev
फातिमा,fatima,1,1,faatimaa,fatima,False,test
फायनैन्शियल,financial,1,1,faayanainshiyala,faianensiala,True,dev
फाल्गुन,falcon,1,1,faalguna,falguna,True,dev
फिगर,figure,2,2,figara,figara,True,dev
फिटनेस,fitness,1,1,fitanesa,fitanesa,True,test
फिट्ज़विलियम,fitzwilliam,1,1,fitjaviliyama,fitjaviliama,True,dev
फिडल,fiddle,1,1,fidala,fidala,True,dev
फिडेल,fidel,1,1,fidela,fidela,True,dev
फिन,fin,1,1,fina,fina,True,dev
फिनले,finale,1,1,finale,finale,False,dev
फिफ्टी,fifty,2,2,fiftii,fifti,False,dev
फिल,fill,2,6,fila,fila,True,dev
फिलाडेल्फ़िया,philadelphia,1,1,filaadelfiyaa,filadelfia,False,dev
फिलिप,philip,2,2,filipa,filipa,True,dev
फिलिप्स,philips,1,1,filipsa,filipsa,True,dev
फिलो,philo,1,1,filo,filo,False,dev
फिलोमेना,philomena,1,1,filomenaa,filomena,False,dev
फिलोसफी,philosophy,1,1,filosafii,filosafi,True,dev
फिल्म,film,2,2,filma,filma,True,test
फिश,fish,1,1,fisha,fisa,True,dev
फिशर,fisher,2,2,fishara,fisara,True,dev
फिशिंग,fishing,1,1,fishinga,fisina,True,dev
फीको,fico,1,1,fiiko,fiko,False,dev
फील्ड,field,1,1,fiilda,filda,True,dev
फील्ड्स,fields,1,1,fiildsa,fildsa,True,dev
फील्ड्‍स,fields,1,1,fiildsa,fildsa,True,dev
फुटबॉल,football,2,3,futabola,futabola,True,dev
फुलर,fuller,1,1,fulara,fulara,True,dev
फूजी,fuji,1,1,fuujii,fuji,False,dev
फूल,flower,3,7,fuula,fula,True,dev
फॅर्ट,fort,1,1,ferta,ferta,True,dev
फेडोरा,fedora,1,1,fedoraa,fedora,False,dev
फेम,fame,3,4,fema,fema,True,test
फेल,fail,1,2,fela,fela,True,dev
फेलिप,phillip,1,1,felipa,felipa,True,test
फेलोशिप,fellowship,1,1,feloshipa,felosipa,True,dev
फैबियानो,fabiano,1,1,faibiyaano,febiano,True,dev
फैरिका,farica,1,1,fairikaa,ferika,True,dev
फैसला,decision,1,1,faisalaa,fesala,True,dev
फॉक्स,fox,2,2,foksa,foksa,True,dev
फॉन,fan,1,1,fona,fona,True,dev
फॉर,for,6,6,fora,fora,True,dev
फॉरएवर,forever,1,1,foraevara,foravara,True,dev
फॉरेस्ट,forest,1,1,foresta,foresta,True,dev
फॉर्च्यून,fortune,1,1,forchyuuna,forkiuna,True,dev
फॉर्ज,forge,1,1,forja,forja,True,test
फॉल्स,false,1,1,folsa,folsa,True,test
फॉस्टर,faster,1,2,fostara,fostara,True,dev
फोएबे,phoebe,1,1,foebe,foebe,False,dev
फोटोग्राफी,photography,1,1,fotograafii,fotografi,False,dev
फोर,four,1,1,fora,fora,True,dev
फोरट्रेस,fortes,1,1,foratresa,foratresa,True,dev
फोर्ट,fort,163,177,forta,forta,True,dev
फोर्ट्रेस,fortes,1,1,fortresa,fortresa,True,dev
फोर्मिडेबल,formidable,1,1,formidebala,formidebala,True,dev
फ्यूचर,future,1,1,fyuuchara,fiukara,True,dev
फ्रंटियर,frontier,1,1,frantiyara,frantiara,True,test
फ्रांसेस्को,francisco,2,2,fraansesko,fransesko,True,test
फ्रान्सिस्को,francisco,3,3,fraansisko,fransisko,True,dev
फ्रिक,freak,1,1,frika,frika,True,dev
फ्रेंक,frank,1,1,frenka,frenka,True,dev
फ्रेंकलिन,franklin,1,2,frenkalina,frenkalina,True,dev
फ्रेंकोइस,francois,1,1,frenkoisa,frenkoisa,True,dev
फ्रेंच,french,1,1,frencha,frenka,True,test
फ्रेंड,friend,2,2,frenda,frenda,True,test
फ्रेड,fred,1,1,freda,freda,True,dev
फ्रेडरिक,fredrick,2,2,fredarika,fredarika,True,dev
फ्रेडरिका,frederica,1,1,fredarikaa,fredarika,True,dev
फ्रैंज,franz,1,1,frainja,frenja,True,dev
फ्लार,floor,1,1,flaara,flara,True,dev
फ्लिंटॉफ,flintoff,1,1,flintofa,flintofa,True,dev
फ्लीस,fliss,1,1,fliisa,flisa,True,dev
फ्लेमिंग,fleming,1,1,fleminga,flemina,True,dev
फ्लो,flow,1,1,flo,flo,False,dev
फ्लोरिडा,florida,1,1,floridaa,florida,False,dev
फ्लोरी,flory,1,1,florii,flori,False,dev
फ्लोरीन,florin,1,1,floriina,florina,True,dev
फ्लोर‍िना,fiorina,1,1,florainaa,florena,True,dev
फ‍िलेटेलिक,philatelic,1,1,failetelika,feletelika,True,test
बंगाली,bengali,1,1,bangaalii,banali,True,dev
बंदा,banda,1,1,bandaa,banda,False,dev
बंदूक,gun,1,1,banduuka,banduka,True,test
बंबई,bombay,1,1,banbaii,banbe,True,dev
बकलैंड,buckland,1,1,bakalainda,bakalenda,True,dev
बक्र,bark,1,1,bakra,bakra,True,dev
बगदाद,bagdad,2,2,bagadaada,bagadada,True,dev
बच्चे,bache,2,3,bachche,bake,False,dev
बट,bat,1,1,bata,bata,True,test
बटान,bataan,1,1,bataana,batana,True,dev
बत्रा,batra,1,1,batraa,batra,False,test
बद,bad,1,1,bada,bada,True,dev
बदल,badal,1,2,badala,badala,True,dev
बदले,batley,1,1,badale,badale,True,dev
बन,ban,1,1,bana,bana,True,test
बने,bane,2,3,bane,bane,False,test
बफेलो,buffalo,1,1,bafelo,bafelo,True,test
बरक्लैज़,barclays,1,1,baraklaija,barakleja,True,dev
बरनार्ड,bernard,1,1,baranaarda,baranarda,True,dev
बरसौन,barson,1,1,barasauna,barasona,True,dev
बरेन,bren,1,1,barena,barena,True,test
बर्गेस,burgess,1,1,bargesa,bargesa,True,dev
बर्ट,bart,1,1,barta,barta,True,dev
बर्द,bard,1,1,barda,barda,True,test
बर्न,varn,1,1,barna,barna,True,dev
बर्नार्ड,barnard,1,1,barnaarda,barnarda,True,dev
बर्नी,bernie,1,1,barnii,barni,True,dev
बर्न्स,burns,1,1,barnsa,barnsa,True,dev
बसरा,basra,1,1,basaraa,basara,True,dev
बस्किन,baskin,1,1,baskina,baskina,True,dev
बस्सा,bassa,1,1,bassaa,basa,False,dev
बस्सी,bassi,1,1,bassii,basi,False,dev
बहन,bahan,2,3,bahana,bahana,True,dev
बहना,flow,1,1,bahanaa,bahana,True,test
बहिय,bahia,1,1,bahiya,bahia,False,dev
बहिर,bahir,1,1,bahira,bahira,True,dev
बाँके,bank,1,2,baanke,banke,True,dev
बांग्लादेश,bangladesh,1,1,baanglaadesha,banladesa,True,dev
बांबा,baba,1,1,baanbaa,banba,True,dev
बाइक,bike,1,1,baaika,beka,True,dev
बाउल,bowl,1,1,baaula,bola,True,dev
बाका,baka,1,1,baakaa,baka,False,dev
बागी,rebel,2,4,baagii,bagi,True,dev
बाडेन,baden,1,1,baadena,badena,True,test
बात,bat,3,5,baata,bata,True,test
बातें,bate,1,2,baaten,baten,True,dev
बाथ,bath,1,1,baatha,bata,True,dev
बाबा,baba,4,5,baabaa,baba,False,dev
बाबू,babu,4,4,baabuu,babu,False,test
बाय,by,1,1,baaya,baia,True,dev
बायर,bayar,1,1,baayara,baiara,True,dev
बायोकेम,biochem,1,1,baayokema,baiokema,True,test
बायोटेक,biotech,2,2,baayoteka,baioteka,True,dev
बायोने,bayonne,1,1,baayone,baione,False,dev
बार,bar,2,3,baara,bara,True,dev
बारबरा,barbara,3,4,baarabaraa,barabara,True,dev
बारह,twelve,1,1,baaraha,baraha,True,dev
बारे,bare,1,1,baare,bare,False,dev
बार्नेट,barnet,1,1,baarneta,barneta,True,test
बालक,balak,1,1,baalaka,balaka,True,dev
बालमेर,balmer,1,1,baalamera,balamera,True,test
बालिग,adult,1,1,baaliga,baliga,True,test
बाली,bali,2,3,baalii,bali,False,test
बास,boss,1,1,baasa,basa,True,dev
बाज़ार,bazaar,3,4,baajaara,bajara,True,dev
बिंग,big,1,1,binga,bina,True,dev
बिकता,sold,1,1,bikataa,bikata,True,test
बिग,big,2,2,biga,biga,True,dev
बिज,biz,3,5,bija,bija,True,dev
बिजूर,bijur,1,1,bijuura,bijura,True,test
बिट्वीन,between,1,1,bitviina,bitvina,True,dev
बिन,bin,2,3,bina,bina,True,dev
बिल,bill,3,3,bila,bila,True,dev
बिलिवर्स,believers,1,1,bilivarsa,bilivarsa,True,dev
बिली,billy,1,1,bilii,bili,False,test
बिल्डिंग,building,2,2,bildinga,bildina,True,dev
बिल्ली,cat,1,1,billii,bili,True,test
बिहारी,bihari,1,1,bihaarii,bihari,False,dev
बिज़नेस,business,2,3,bijanesa,bijanesa,True,dev
बीच,middle,1,1,biicha,bika,True,dev
बीन,bean,1,1,biina,bina,True,test
बीना,bina,1,1,biinaa,bina,False,dev
बीर,beer,4,4,biira,bira,True,dev
बीस,bees,1,2,biisa,bisa,True,dev
बुक,book,4,4,buka,buka,True,dev
बुडापेस्ट,budapest,1,1,budaapesta,budapesta,True,dev
बुश,bush,3,3,busha,busa,True,test
बू,boo,1,1,buu,bu,False,dev
बूट,boot,1,1,buuta,buta,True,dev
बूस्टर्स,boosters,1,1,buustarsa,bustarsa,True,dev
बॅनयान,banyan,1,1,benayaana,benaiana,True,dev
बे,bay,7,7,be,be,True,dev
बेंसन,benson,1,1,bensana,bensana,True,test
बेटर,betar,1,1,betara,betara,True,dev
बेटा,beta,2,2,betaa,beta,False,dev
बेट्स,bates,1,2,betsa,betsa,True,test
बेडरूम,bedrooms,1,1,bedaruuma,bedaruma,True,dev
बेताब,impatient,1,1,betaaba,betaba,True,test
बेथेल,bethel,1,1,bethela,betela,True,test
बेदर्द,bedard,1,1,bedarda,bedarda,True,dev
बेनिटो,benito,1,1,benito,benito,False,test
बेनिन,benin,1,1,benina,benina,True,dev
बेनोइस्ट,benoist,1,1,benoista,benoista,True,test
बेयर,bear,1,1,beyara,beiara,True,test
बेयार्ड,bayard,1,1,beyaarda,beiarda,True,dev
बेरशेत्ज़गैडेन,berchtesgaden,1,1,berashetjagaidena,berasetjagedena,True,dev
बेरिस,berish,1,1,berisa,berisa,True,dev
बेल,bel,1,3,bela,bela,True,test
बेलफास्ट,belfast,2,2,belafaasta,belafasta,True,dev
बेला,bela,2,4,belaa,bela,False,dev
बेलेव्यू,bellevue,1,1,belevyuu,beleviu,True,dev
बेलो,belo,1,1,belo,belo,False,dev
बेवफ़ा,treacherous,1,1,bevafaa,bevafa,True,dev
बेसीन,basin,1,1,besiina,besina,True,dev
बेस्ट,best,1,1,besta,besta,True,test
बेज़,bays,1,1,beja,beja,True,test
बैंक,bank,23,25,bainka,benka,True,dev
बैंगलोर,bangalore,1,2,baingalora,benalora,True,dev
बैचर,bachar,1,1,baichara,bekara,True,dev
बैटरी,battery,1,2,baitarii,betari,True,test
बैपटिस्ट,baptist,12,18,baipatista,bepatista,True,dev
बैप्टिस्ट,baptist,1,1,baiptista,beptista,True,test
बैरॉ,bero,1,1,bairo,bero,False,dev
बॉक्स,box,1,1,boksa,boksa,True,dev
बॉक्सर,boxer,2,2,boksara,boksara,True,dev
बॉक्सिंग,boxing,1,1,boksinga,boksina,True,dev
बॉग,bag,1,1,boga,boga,True,test
बॉन,bonn,1,1,bona,bona,True,dev
बॉन्ड,bond,2,2,bonda,bonda,True,dev
बॉब,bob,3,4,boba,boba,True,dev
बॉम्बे,bombay,9,9,bombe,bombe,True,dev
बॉय,boy,2,3,boya,boia,True,dev
बॉयकॉट,boytoy,1,1,boyakota,boiakota,True,dev
बॉयज़,boys,1,1,boyaja,boiaja,True,dev
बॉल,ball,1,1,bola,bola,True,dev
बॉलिंग,bowling,1,1,bolinga,bolina,True,dev
बो,bo,1,1,bo,bo,False,dev
बोकर,by,1,1,bokara,bokara,True,test
बोथम,botham,1,1,bothama,botama,True,dev
बोथा,botha,1,1,bothaa,bota,False,test
बोनसो,bonus,1,1,bonaso,bonaso,True,test
बोने,bone,1,1,bone,bone,False,dev
बोरिस,boris,1,1,borisa,borisa,True,dev
बोरोन,boron,1,1,borona,borona,True,test
बोर्डर,border,1,1,bordara,bordara,True,test
बोलिविया,bolivia,1,1,boliviyaa,bolivia,False,dev
बोस,boss,1,1,bosa,bosa,True,dev
बोस्टन,boston,1,1,bostana,bostana,True,dev
बौद्ध,buddha,1,1,bauddha,boda,True,test
ब्यास,beas,1,1,byaasa,biasa,True,dev
ब्रन्डेस,brandes,1,1,brandesa,brandesa,True,test
ब्राउन,brown,4,4,braauna,brona,True,dev
ब्राज़ील,brazil,1,1,braajiila,brajila,True,dev
ब्रिक,brick,1,1,brika,brika,True,test
ब्रिज,breech,1,1,brija,brija,True,test
ब्रिजपोर्ट,bridgeport,1,1,brijaporta,brijaporta,True,dev
ब्रिजर,bridger,1,2,brijara,brijara,True,test
ब्रिट,brit,1,2,brita,brita,True,dev
ब्रिटिश,british,6,6,britisha,britisa,True,dev
ब्रिटेन,uk,1,1,britena,britena,True,dev
ब्रिस्टल,bristol,1,1,bristala,bristala,True,dev
ब्रुस,brush,1,1,brusa,brusa,True,test
ब्रूक,brook,1,1,bruuka,bruka,True,test
ब्रूकिंग्स,brookings,1,1,bruukingsa,brukinsa,True,dev
ब्रूस,bruce,4,5,bruusa,brusa,True,dev
ब्रेंडन,brandon,2,3,brendana,brendana,True,test
ब्रेकवॉटर,breakwater,1,1,brekavotara,brekavotara,True,test
ब्रेटन,breton,1,1,bretana,bretana,True,dev
ब्रेन,brain,4,4,brena,brena,True,dev
ब्रेवरी,brewery,1,1,brevarii,brevari,True,test
ब्रेस्ट,breast,1,1,bresta,bresta,True,test
ब्रैड,bind,1,3,braida,breda,True,dev
ब्रैडी,brady,1,1,braidii,bredi,True,dev
ब्लांड,bland,1,1,blaanda,blanda,True,dev
ब्लिक्स,blinks,1,1,bliksa,bliksa,True,dev
ब्लिस,bliss,1,1,blisa,blisa,True,dev
ब्लू,blue,1,1,bluu,blu,True,dev
ब्लेअर,blower,1,1,bleara,bleara,True,dev
ब्लेवेट,blewett,1,1,bleveta,bleveta,True,dev
ब्लेसिंग,blessing,1,1,blesinga,blesina,True,dev
ब्लैक,black,1,2,blaika,bleka,True,test
ब्लैकी,black,1,1,blaikii,bleki,True,test
ब्लॉक,block,1,1,bloka,bloka,True,dev
ब्लॉकहाउस,blockhouse,1,1,blokahaausa,blokahosa,True,test
ब्ल्यू,blue,1,1,blyuu,bliu,True,test
बड़ा,bada,3,3,badaa,bada,False,test
बड़ी,a,1,1,badii,badi,True,test
बड़े,bade,3,3,bade,bade,False,dev
बढ़ती,increasing,1,1,badhatii,badati,True,test
भट्टी,bhatti,2,2,bhattii,bati,False,dev
भर,phar,1,1,bhara,bara,True,dev
भरत,bharat,2,2,bharata,barata,True,dev
भारत,bharat,3,3,bhaarata,barata,True,test
भुट्टो,bhutto,2,2,bhutto,buto,False,dev
भोपाल,bhopal,1,1,bhopaala,bopala,True,dev
भोसले,bhosle,1,1,bhosale,bosale,True,dev
मंडन,corroboration,1,1,mandana,mandana,True,dev
मंडल,board,1,1,mandala,mandala,True,dev
मंत्र,mantra,1,1,mantra,mantra,False,dev
मगना,magna,1,1,maganaa,magana,True,test
मजीद,majid,1,1,majiida,majida,True,dev
मटेरिआ,metro,1,1,materiaa,materia,True,dev
मणि,mani,1,2,mani,mani,False,dev
मणी,mani,1,1,manii,mani,False,test
मथिल्डा,mathilda,1,1,mathildaa,matilda,False,dev
मद,mud,1,1,mada,mada,True,dev
मदन,madan,3,3,madana,madana,True,dev
मद्रास,madras,1,1,madraasa,madrasa,True,test
मन,man,2,2,mana,mana,True,test
मनना,manna,1,1,mananaa,manana,True,test
मनी,mani,1,1,manii,mani,False,test
मनीष,manish,1,1,maniisha,manisa,True,dev
मनु,manu,2,2,manu,manu,False,test
मनोरम,captivating,1,1,manorama,manorama,True,dev
मबेल,mabel,1,1,mabela,mabela,True,dev
मम्मी,mummy,1,1,mammii,mami,True,dev
मर,mar,1,1,mara,mara,True,test
मरीन,marine,1,1,mariina,marina,True,dev
मर्केटर,marketer,1,1,marketara,marketara,True,test
मर्डर,mother,1,2,mardara,mardara,True,test
मर्वा,marva,1,1,marvaa,marva,False,dev
मर्विन,marvin,2,2,marvina,marvina,True,test
मलय,malay,1,1,malaya,malaia,True,dev
मलागा,malaga,1,1,malaagaa,malaga,False,dev
मलिक,malik,6,6,malika,malika,True,dev
मलेशिया,malaysia,1,1,maleshiyaa,malesia,True,dev
मल्लाह,sailor,1,1,mallaaha,malaha,True,dev
मल्होत्रा,malhotra,1,1,malhotraa,malhotra,False,dev
मशीन्स,machines,1,1,mashiinsa,masinsa,True,dev
मसूद,masood,1,1,masuuda,masuda,True,dev
मस्त,mast,1,1,masta,masta,True,dev
मस्सिमो,massimo,1,1,massimo,masimo,False,dev
महंत,abbot,1,1,mahanta,mahanta,True,dev
महबूब,lover,1,3,mahabuuba,mahabuba,True,dev
महल,mahal,4,7,mahala,mahala,True,dev
महात्मा,mahatma,2,2,mahaatmaa,mahatma,False,test
महान,mahan,1,1,mahaana,mahana,True,test
महाराजा,maharaja,2,2,mahaaraajaa,maharaja,False,dev
महाराष्ट्र,maharashtra,1,1,mahaaraashtra,maharastra,False,dev
महिंद्रा,mahindra,3,3,mahindraa,mahindra,False,test
महेश,mahesh,1,1,mahesha,mahesa,True,test
माँग,fang,1,2,maanga,mana,True,test
माइक,mike,5,5,maaika,meka,True,test
माइकल,michael,3,3,maaikala,mekala,True,dev
माइक्रोबायोलॉजी,microbiology,1,1,maaikrobaayolojii,mekrobaioloji,True,dev
माइनिंग,mining,1,1,maaininga,menina,True,dev
माइल्स,mails,2,3,maailsa,melsa,True,dev
माउंट,mount,4,4,maaunta,monta,True,dev
माउंटन,mountain,1,1,maauntana,montana,True,dev
माउंटेन,mountain,1,1,maauntena,montena,True,dev
माता,mata,2,2,maataa,mata,False,dev
माना,mana,1,1,maanaa,mana,False,dev
मानुस,manus,1,1,maanusa,manusa,True,dev
माया,maya,1,1,maayaa,maia,False,dev
मार,kill,1,2,maara,mara,True,dev
मारलो,marlo,1,1,maaralo,maralo,True,test
मार्क,mark,10,10,maarka,marka,True,dev
मार्कस,marcus,1,1,maarkasa,markasa,True,dev
मार्केट्स,markets,1,1,maarketsa,marketsa,True,dev
मार्गरेट,margret,1,1,maargareta,margareta,True,dev
मार्गो,margo,1,1,maargo,margo,False,test
मार्च,march,1,1,maarcha,marka,True,dev
मार्ट,mart,2,2,maarta,marta,True,dev
मार्टिन,martin,6,7,maartina,martina,True,dev
मार्टिनो,martino,1,1,maartino,martino,False,dev
मार्लबोरॉ,marlboro,1,1,maarlaboro,marlaboro,True,dev
मार्लोन,marlon,2,2,maarlona,marlona,True,test
मार्श,marsh,1,1,maarsha,marsa,True,dev
मार्स,god,1,1,maarsa,marsa,True,dev
मार्सेल,marshall,1,1,maarsela,marsela,True,dev
माल,goods,1,1,maala,mala,True,dev
मालपेन्सा,malpensa,1,1,maalapensaa,malapensa,True,dev
माला,mala,2,2,maalaa,mala,False,dev
माली,mali,1,1,maalii,mali,False,dev
माल्कम,malcolm,1,1,maalkama,malkama,True,dev
मास्टर,master,1,1,maastara,mastara,True,dev
माज़दा,mazda,1,1,maajadaa,majada,True,dev
मिकॅनर,michener,1,1,mikenara,mikenara,True,dev
मिकेल,michel,1,1,mikela,mikela,True,test
मिग्नोन,mignon,1,1,mignona,mignona,True,dev
मिट्टन,mittan,1,1,mittana,mitana,True,test
मिडवे,midway,1,1,midave,midave,True,dev
मिडिल,middle,1,1,midila,midila,True,dev
मित्रा,mitra,1,1,mitraa,mitra,False,dev
मित्सुबिशी,mitsubishi,3,3,mitsubishii,mitsubisi,False,dev
मिमिस,mimis,1,1,mimisa,mimisa,True,test
मियामी,miami,1,1,miyaamii,miami,False,test
मिल,mill,2,3,mila,mila,True,test
मिलन,milan,4,6,milana,milana,True,test
मिलान,matching,1,2,milaana,milana,True,dev
मिलिट्री,military,1,1,militrii,militri,True,test
मिलिसेंट,milicent,1,1,milisenta,milisenta,True,test
मिलेस,miles,1,1,milesa,milesa,True,dev
मिलो,milo,2,2,milo,milo,False,dev
मिल्ट,milt,1,1,milta,milta,True,dev
मिल्टन,milton,3,4,miltana,miltana,True,dev
मिल्फोर्ड,milford,1,1,milforda,milforda,True,dev
मिल्स,mills,2,2,milsa,milsa,True,dev
मिशनरी,missionary,3,3,mishanarii,misanari,True,dev
मिशेल,michel,1,4,mishela,misela,True,test
मिश्र,mishra,1,1,mishra,misra,False,dev
मिस,miss,7,10,misa,misa,True,dev
मिसाल,example,1,2,misaala,misala,True,dev
मिसिसिपी,mississippi,1,1,misisipii,misisipi,False,dev
मी,me,1,1,mii,mi,True,dev
मीट,meet,1,1,miita,mita,True,dev
मीत,meet,1,1,miita,mita,True,test
मीर,mir,3,3,miira,mira,True,dev
मुअम्मर,muammar,1,1,muammara,muamara,True,test
मुखर्जी,mukherjee,1,1,mukharjii,mukarji,True,dev
मुद्रा,mudra,1,2,mudraa,mudra,False,test
मुन,moon,1,2,muna,muna,True,dev
मुनरो,munro,1,1,munaro,munaro,True,dev
मुनि,muni,1,1,muni,muni,False,dev
मुनिच,munich,1,1,municha,munika,True,dev
मुन्ना,tot,1,1,munnaa,muna,True,dev
मुबारक,happy,1,1,mubaaraka,mubaraka,True,test
मुम्बई,mumbai,1,1,mumbaii,mumbe,False,dev
मुराड,murad,1,1,muraada,murada,True,test
मुर्दे,murden,1,1,murde,murde,True,dev
मुर्रे,murray,2,5,murre,mure,True,test
मुल्ला,mullah,1,1,mullaa,mula,True,dev
मुस्लिम,muslim,1,1,muslima,muslima,True,dev
मूर,moore,1,1,muura,mura,True,dev
मॅन्चेस्टर,manchester,1,1,menchestara,menkestara,True,dev
मॅल,mail,1,1,mela,mela,True,dev
में,mein,9,25,men,men,True,dev
मेकाँग,mekong,1,1,mekaanga,mekana,True,test
मेक्सिको,mexico,1,1,meksiko,meksiko,True,dev
मेगन,megan,1,1,megana,megana,True,dev
मेजर,major,5,6,mejara,mejara,True,dev
मेट्रो,metro,1,1,metro,metro,False,dev
मेड,mad,1,1,meda,meda,True,test
मेडल,medal,27,29,medala,medala,True,dev
मेडलिस्ट,medalist,1,1,medalista,medalista,True,test
मेडिकल,medical,3,3,medikala,medikala,True,dev
मेडिटेरेनियन,mediterranean,1,1,meditereniyana,meditereniana,True,dev
मेत्तुर,mettur,1,1,mettura,metura,True,dev
मेथोडिस्ट,methodist,4,4,methodista,metodista,True,dev
मेन,men,1,1,mena,mena,True,test
मेनन,menon,1,1,menana,menana,True,dev
मेनर्स,manners,1,1,menarsa,menarsa,True,dev
मेना,mena,1,1,menaa,mena,False,dev
मेनार्ड,menard,1,1,menaarda,menarda,True,dev
मेम,mam,1,1,mema,mema,True,dev
मेमोरियल,memorial,4,5,memoriyala,memoriala,True,dev
मेमोर‍ियल,memorial,2,2,memoraiyala,memoreiala,True,dev
मेयो,meyo,1,1,meyo,meio,False,dev
मेरिएल,meriel,1,1,meriela,meriela,True,dev
मेरिट,merit,9,10,merita,merita,True,test
मेरीकोपा,mericopa,1,1,meriikopaa,merikopa,False,dev
मेरे,mere,7,9,mere,mere,False,dev
मेरेंग्यू,marriage,1,1,merengyuu,mereniu,True,dev
मेर्ले,merle,1,1,merle,merle,False,dev
मेल,mel,2,5,mela,mela,True,test
मेलर,mailer,1,1,melara,melara,True,dev
मेलिना,melina,1,1,melinaa,melina,False,dev
मेलिया,melia,1,1,meliyaa,melia,False,test
मेलेट,metal,1,1,meleta,meleta,True,test
मेल्बॉर्न,melbourne,1,1,melborna,melborna,True,test
मेसन,mason,1,1,mesana,mesana,True,dev
मेसा,mesa,1,1,mesaa,mesa,False,dev
मेहता,mehta,1,1,mehataa,mehata,True,dev
मैं,i,3,12,main,men,True,dev
मैंडन,maiden,1,1,maindana,mendana,True,dev
मैंबो,mambo,1,1,mainbo,menbo,True,dev
मैक,mike,1,1,maika,meka,True,dev
मैकन,macon,1,1,maikana,mekana,True,dev
मैकनायर,mcnair,1,1,maikanaayara,mekanaiara,True,dev
मैजिक,magic,1,1,maijika,mejika,True,dev
मैट,mat,1,1,maita,meta,True,dev
मैटिस,matis,1,1,maitisa,metisa,True,dev
मैट्रोपॉलिटन,metropolitan,1,1,maitropolitana,metropolitana,True,test
मैडोना,madonna,1,1,maidonaa,medona,True,test
मैथमेटिक्स,mathematics,1,1,maithametiksa,metametiksa,True,test
मैथेमेटिक्स,mathematics,1,1,maithemetiksa,metemetiksa,True,dev
मैथ्यू,mathew,1,1,maithyuu,metiu,True,dev
मैन,man,2,2,maina,mena,True,test
मैना,maina,1,2,mainaa,mena,False,dev
मैनेजमेंट,management,1,1,mainejamenta,menejamenta,True,test
मैन्डी,mandy,1,1,maindii,mendi,True,dev
मैन्स,minus,1,1,mainsa,mensa,True,dev
मैरीगोल्ड,marigold,1,1,mairiigolda,merigolda,True,dev
मैरीटाइम,maritime,3,5,mairiitaaima,meritema,True,dev
मैलेट,mallet,1,1,maileta,meleta,True,dev
मैसन,mason,1,1,maisana,mesana,True,dev
मैस्टेक,mistake,1,1,maisteka,mesteka,True,dev
मॉडर्न,modern,5,5,modarna,modarna,True,test
मॉडेल,model,2,2,modela,modela,True,dev
मॉनीटर,monitor,1,1,moniitara,monitara,True,dev
मॉन्टे,monte,1,1,monte,monte,False,dev
मॉम,mom,1,1,moma,moma,True,dev
मॉरो,maro,1,1,moro,moro,True,dev
मॉर्गन,morgan,2,2,morgana,morgana,True,dev
मॉर्टिन,martin,1,1,mortina,mortina,True,dev
मॉर्निंग,morning,1,1,morninga,mornina,True,dev
मॉर्फिअस,morpheus,1,1,morfiasa,morfiasa,True,dev
मॉल्स,malls,1,1,molsa,molsa,True,dev
मॉस्को,moscow,1,1,mosko,mosko,False,dev
मोंटे,monte,1,1,monte,monte,False,test
मोंडे,monde,1,1,monde,monde,False,dev
मोटर,motor,7,7,motara,motara,True,dev
मोटर्स,motors,2,3,motarsa,motarsa,True,dev
मोती,moti,4,5,motii,moti,False,dev
मोदी,modi,1,1,modii,modi,False,test
मोन,mona,1,1,mona,mona,False,dev
मोना,mona,1,1,monaa,mona,False,dev
मोनिका,monica,2,2,monikaa,monika,False,dev
मोनेट,monett,1,1,moneta,moneta,True,dev
मोबाइल,mobile,3,3,mobaaila,mobela,True,test
मोम,mom,1,1,moma,moma,True,dev
मोरोनी,moroni,1,1,moronii,moroni,False,dev
मोर्टन,morten,1,1,mortana,mortana,True,dev
मोलुक्का,molucca,1,1,molukkaa,moluka,False,test
मोसेले,moselle,1,1,mosele,mosele,False,dev
मोस्ट,most,2,2,mosta,mosta,True,dev
मोहन,mohan,3,3,mohana,mohana,True,dev
मोहम्मद,mohammad,5,12,mohammada,mohamada,True,dev
मोहरे,mohar,1,1,mohare,mohare,True,dev
मोड़,mode,2,2,moda,moda,True,dev
मौडे,maude,1,1,maude,mode,False,dev
मौरिज़िओ,maurizio,1,1,maurijio,morijio,True,dev
मौरो,moro,1,1,mauro,moro,False,dev
म्युच्युअल,mutual,1,1,myuchyuala,miukiuala,True,dev
म्युन‍िस‍िपल,municipal,2,2,myunaisaipala,miunesepala,True,dev
म्युज़िक,music,1,1,myujika,miujika,True,dev
म्युज़ियम,museum,52,76,myujiyama,miujiama,True,test
यंग,young,2,2,yanga,iana,True,dev
यज्ञ,sacrifice,1,1,yajnya,iajnia,True,test
यमाशिरो,yamashiro,2,2,yamaashiro,iamasiro,False,dev
यह,yah,1,1,yaha,iaha,True,test
या,ya,1,2,yaa,ia,False,dev
यांग,yang,1,1,yaanga,iana,True,dev
यामाहा,yamaha,1,1,yaamaahaa,iamaha,False,dev
यास्मिन,yasmin,2,2,yaasmina,iasmina,True,test
यिट्ज़हॅक,yitzhak,1,1,yitjaheka,itjaheka,True,test
युग,age,1,1,yuga,iuga,True,test
युनिवर्सल,universal,1,1,yunivarsala,iunivarsala,True,dev
युनिस,yunis,1,1,yunisa,iunisa,True,dev
युन‍िवर्स‍िटी,university,1,1,yunaivarsaitii,iunevarseti,True,dev
युबेरोथ,ueberroth,1,1,yuberotha,iuberota,True,dev
युरोपियन,european,1,1,yuropiyana,iuropiana,True,test
यू,you,2,2,yuu,iu,True,dev
यूना,una,1,1,yuunaa,iuna,True,test
यूनाइटेड,united,11,11,yuunaaiteda,iuneteda,True,dev
यूनियन,union,2,2,yuuniyana,iuniana,True,test
यूनिवर्सल,universal,1,1,yuunivarsala,iunivarsala,True,dev
यूनिवर्सिटी,university,60,66,yuunivarsitii,iunivarsiti,True,dev
यूरेनस,uranus,1,1,yuurenasa,iurenasa,True,dev
यूरेनियम,uranium,1,1,yuureniyama,iureniama,True,test
ये,ye,2,4,ye,ie,False,dev
येन,yen,1,1,yena,iena,True,dev
येलेना,yelena,1,1,yelenaa,ielena,False,dev
येल्तसिन,yeltsin,1,1,yeltasina,ieltasina,True,dev
येश‍िवा,yeshiva,1,1,yeshaivaa,ieseva,True,dev
यैंग,egg,1,1,yainga,iena,True,dev
यॉर्क,york,3,4,yorka,iorka,True,dev
योकाडो,yokado,1,1,yokaado,iokado,False,dev
योगी,yogi,3,3,yogii,iogi,False,dev
योलान्डा,yolanda,1,1,yolaandaa,iolanda,False,dev
रंग,color,1,2,ranga,rana,True,dev
रंगा,rang,1,1,rangaa,rana,True,dev
रंगून,rangoon,1,1,ranguuna,ranuna,True,dev
रईस,rice,1,1,raiisa,resa,True,dev
रखा,the,1,1,rakhaa,raka,True,dev
रग्बी,rugby,2,2,ragbii,ragbi,True,dev
रट्‍जर्स,rutgers,1,1,ratjarsa,ratjarsa,True,dev
रफस,rufus,1,1,rafasa,rafasa,True,test
रब्ब,rabb,1,1,rabba,raba,True,dev
रमेश,ramesh,3,3,ramesha,ramesa,True,dev
रवि,ravi,2,2,ravi,ravi,False,test
रशियन,russian,2,2,rashiyana,rasiana,True,test
रशीद,rashid,4,6,rashiida,rasida,True,dev
रहमान,rahman,6,8,rahamaana,rahamana,True,dev
रहीम,rahim,2,4,rahiima,rahima,True,dev
रहे,rahe,1,1,rahe,rahe,False,dev
राइट,write,1,1,raaita,reta,True,dev
राइटर्स,writers,1,1,raaitarsa,retarsa,True,dev
राइस,rice,1,1,raaisa,resa,True,dev
राइसिंग,raising,1,1,raaisinga,resina,True,dev
राउंड,round,1,1,raaunda,ronda,True,test
राउल,rail,1,1,raaula,rola,True,dev
राज,raj,6,12,raaja,raja,True,dev
राजकुमार,prince,1,1,raajakumaara,rajakumara,True,dev
राजकुमारी,princess,1,1,raajakumaarii,rajakumari,True,dev
राजपूत,paladin,1,2,raajapuuta,rajaputa,True,dev
राजू,raju,3,3,raajuu,raju,False,dev
राडा,rada,1,1,raadaa,rada,False,dev
राणा,rana,2,2,raanaa,rana,False,dev
रादी,radi,1,1,raadii,radi,False,test
राधा,radha,3,4,raadhaa,rada,False,dev
रानी,rani,11,13,raanii,rani,False,dev
राम,ram,11,11,raama,rama,True,dev
रामा,rama,5,5,raamaa,rama,False,dev
रायडर,ryder,1,1,raayadara,raiadara,True,dev
रायने,rayne,1,1,raayane,raiane,True,dev
राया,raya,1,1,raayaa,raia,False,dev
राही,passenger,1,3,raahii,rahi,True,dev
राहुल,rahul,2,2,raahula,rahula,True,dev
रिंगे,ringe,1,1,ringe,rine,False,test
रिओ,rio,1,1,rio,rio,False,dev
रिकवरी,recovery,1,1,rikavarii,rikavari,True,dev
रिकार्डो,record,1,1,rikaardo,rikardo,True,dev
रिचमंड,richmond,1,1,richamanda,rikamanda,True,test
रिचर्ड,richard,9,9,richarda,rikarda,True,test
रिचर्ड्स,richards,1,1,richardsa,rikardsa,True,dev
रिचर्ड्‍स,richards,1,1,richardsa,rikardsa,True,test
रिज,rig,1,1,rija,rija,True,dev
रिपब्लिक,republic,1,1,ripablika,ripablika,True,dev
रिपर,ripper,1,1,ripara,ripara,True,test
रिपोर्टर,reporter,1,1,riportara,riportara,True,dev
रियाल,rial,1,1,riyaala,riala,True,dev
रियूटर्स,reuters,1,1,riyuutarsa,riutarsa,True,dev
रियो,rio,1,1,riyo,rio,False,dev
रिलायंस,reliance,2,2,rilaayansa,rilaiansa,True,test
रिवर,river,8,8,rivara,rivara,True,dev
रिवरसाइड,riverside,1,1,rivarasaaida,rivaraseda,True,dev
रिवर्स,reverse,1,1,rivarsa,rivarsa,True,dev
रिवॉल्ट,revolt,2,3,rivolta,rivolta,True,dev
रिवॉल्यूशन,revolution,1,1,rivolyuushana,rivoliusana,True,dev
रिसर्च,research,1,1,risarcha,risarka,True,test
रिसोर्सेज़,resource,2,3,risorseja,risorseja,True,dev
रिज़,riz,1,1,rija,rija,True,dev
रिज़रवायर,reservoir,23,33,rijaravaayara,rijaravaiara,True,test
रिज़र्व,reserve,1,1,rijarva,rijarva,True,dev
री,c,1,2,rii,ri,True,dev
रीटा,rita,1,1,riitaa,rita,False,dev
रीनी,rini,1,1,riinii,rini,False,dev
रील,reel,1,1,riila,rila,True,dev
रीव,reeve,1,1,riiva,riva,True,dev
रीवा,riva,1,1,riivaa,riva,False,test
रीव्स,ribs,1,1,riivsa,rivsa,True,dev
रुडोल्फ,rudolf,1,1,rudolfa,rudolfa,True,dev
रुस्सेल,russel,1,1,russela,rusela,True,dev
रूट,rut,1,1,ruuta,ruta,True,dev
रूप,roop,2,3,ruupa,rupa,True,test
रूबी,rubi,1,1,ruubii,rubi,False,dev
रे,ray,4,10,re,re,True,dev
रेंड,rent,1,1,renda,renda,True,dev
रेकॉर्ड्स,records,1,1,rekordsa,rekordsa,True,test
रेगीनाल्ड,reginald,1,1,regiinaalda,reginalda,True,dev
रेट,rate,1,1,reta,reta,True,test
रेड,red,2,3,reda,reda,True,test
रेडपाथ,redpath,1,1,redapaatha,redapata,True,dev
रेडियो,radio,1,1,rediyo,redio,True,test
रेड्डी,reddy,1,1,reddii,redi,False,dev
रेनी,rainy,1,3,renii,reni,False,dev
रेनॉल्ड्स,reynolds,1,1,renoldsa,renoldsa,True,dev
रेनो,reno,1,1,reno,reno,False,test
रेफ्युजी,refugee,2,2,refyujii,refiuji,True,dev
रेमो,remo,1,1,remo,remo,False,dev
रेलरोड,railroad,1,1,relaroda,relaroda,True,test
रेलिघ,raleigh,1,1,religha,religa,True,dev
रेल्वे,railway,4,4,relve,relve,True,dev
रेस,race,2,2,resa,resa,True,dev
रेसिंग,racing,3,3,resinga,resina,True,dev
रैंड,raid,1,1,rainda,renda,True,test
रैड,red,1,1,raida,reda,True,dev
रॉक,rock,3,3,roka,roka,True,dev
रॉकी,rocky,3,3,rokii,roki,False,dev
रॉकेट,rocket,2,2,roketa,roketa,True,dev
रॉकफ़ोर्ड,rockford,1,1,rokaforda,rokaforda,True,dev
रॉचेफोर्ट,rochefort,1,1,rocheforta,rokeforta,True,dev
रॉजर्स,rogers,1,1,rojarsa,rojarsa,True,dev
रॉड,rod,2,4,roda,roda,True,dev
रॉडमन,rodman,1,1,rodamana,rodamana,True,dev
रॉन,ron,1,1,rona,rona,True,dev
रॉन्सडेट,ronstadt,1,1,ronsadeta,ronsadeta,True,test
रॉबर,rober,1,1,robara,robara,True,dev
रॉबर्ट,robert,9,10,robarta,robarta,True,dev
रॉबर्ट्‍स,robarts,1,1,robartsa,robartsa,True,dev
रॉबर्ट्‍सन,robertson,1,1,robartsana,robartsana,True,test
रॉबिन,robin,5,5,robina,robina,True,test
रॉबिनहुड,robinhood,1,1,robinahuda,robinahuda,True,dev
रॉबिन्स,robins,1,1,robinsa,robinsa,True,test
रॉय,rai,1,2,roya,roia,True,test
रॉयल,royal,8,8,royala,roiala,True,dev
रॉर्बट्स,roberts,1,1,rorbatsa,rorbatsa,True,dev
रॉल,raul,1,1,rola,rola,True,dev
रॉलेंड,roland,1,2,rolenda,rolenda,True,dev
रोंडा,ronda,1,1,rondaa,ronda,False,dev
रोजनबर्ग,rosenburg,1,1,rojanabarga,rojanabarga,True,dev
रोटी,roti,2,2,rotii,roti,False,dev
रोड,road,18,20,roda,roda,True,dev
रोडन,roden,1,1,rodana,rodana,True,dev
रोडा,roda,1,1,rodaa,roda,False,dev
रोडियो,rodeo,1,1,rodiyo,rodio,True,test
रोन,roan,1,1,rona,rona,True,dev
रोपिंग,roping,1,1,ropinga,ropina,True,test
रोम,rome,1,1,roma,roma,True,dev
रोमन,roman,1,1,romana,romana,True,test
रोमांटिक,romantic,1,1,romaantika,romantika,True,test
रोमानिया,romania,1,1,romaaniyaa,romania,False,dev
रोमियो,romeo,2,2,romiyo,romio,True,dev
रोलेन्डो,rolando,1,1,rolendo,rolendo,True,dev
रोलैंड,rolland,1,1,rolainda,rolenda,True,dev
रोवेना,rowena,1,1,rovenaa,rovena,True,test
रोशेल,rochelle,1,1,roshela,rosela,True,dev
रोसमन्ड,rosemond,1,1,rosamanda,rosamanda,True,dev
रोसा,rosa,1,1,rosaa,rosa,False,dev
रोस्‍टर,roaster,1,1,rostara,rostara,True,test
रोहण,rohan,1,1,rohana,rohana,True,test
रोहन,rohan,1,1,rohana,rohana,True,test
रोज़,daily,1,3,roja,roja,True,dev
लंका,lanka,2,2,lankaa,lanka,False,dev
लंडन,london,3,4,landana,landana,True,dev
लंदन,london,4,4,landana,landana,True,dev
लईक,like,2,2,laiika,leka,True,dev
लकी,lucky,1,1,lakii,laki,True,dev
लकीर,streak,1,1,lakiira,lakira,True,dev
लगन,lagan,1,1,lagana,lagana,True,dev
लगा,was,1,1,lagaa,laga,True,dev
लज्जा,shame,1,1,lajjaa,laja,True,test
लम्प्स,lamps,1,1,lampsa,lampsa,True,test
ललिता,lalita,1,1,lalitaa,lalita,False,dev
लवर,lover,1,1,lavara,lavara,True,dev
ला,la,5,5,laa,la,False,test
लांग,long,1,1,laanga,lana,True,dev
लाइफ,life,2,3,laaifa,lefa,True,dev
लाइरिस,lyris,1,1,laairisa,lerisa,True,dev
लाइफ़,life,1,1,laaifa,lefa,True,test
लाउड,lot,1,1,laauda,loda,True,dev
लाऊ,lau,1,1,laauu,lo,False,dev
लाएगी,will,1,1,laaegii,lagi,True,dev
लाफलिन,mclaughlin,1,1,laafalina,lafalina,True,dev
लायन,lion,1,1,laayana,laiana,True,dev
लारसेन,larsen,1,1,laarasena,larasena,True,test
लाल,lal,7,11,laala,lala,True,dev
लाला,lala,3,3,laalaa,lala,False,test
लास,las,1,1,laasa,lasa,True,test
लिंकन,lincoln,1,1,linkana,linkana,True,dev
लिंच,lynch,1,1,lincha,linka,True,dev
लिंडा,linda,1,1,lindaa,linda,False,dev
लिटिल,little,3,3,litila,litila,True,dev
लिट्रेचर,literature,3,4,litrechara,litrekara,True,dev
लिट्रेरी,literary,1,1,litrerii,litreri,True,dev
लिपमैन,lipman,1,1,lipamaina,lipamena,True,test
लिबर्टी,liberty,3,3,libartii,libarti,True,dev
लिब्रेस,liberace,1,1,libresa,libresa,True,dev
लिमिटेड,limited,12,13,limiteda,limiteda,True,dev
लियर्स,layers,1,1,liyarsa,liarsa,True,dev
लिया,the,1,1,liyaa,lia,True,dev
लियोन,leon,1,1,liyona,liona,True,test
लियोनार्ड,leonard,1,1,liyonaarda,lionarda,True,test
लियोनार्दो,leonardo,1,1,liyonaardo,lionardo,True,dev
लियोपोल्ड,leopold,1,1,liyopolda,liopolda,True,dev
लिली,lily,3,3,lilii,lili,False,dev
लिव,liv,1,1,liva,liva,True,dev
लिवरपूल,liverpool,1,1,livarapuula,livarapula,True,test
लिविंग,living,1,1,livinga,livina,True,dev
लिविंगस्टोन,livingston,1,1,livingastona,livinastona,True,test
लिज़,liz,1,1,lija,lija,True,dev
ली,lee,3,3,lii,li,False,test
लीग,league,2,5,liiga,liga,True,dev
लीन,absorbed,1,1,liina,lina,True,dev
लीलैंड,leyland,1,1,liilainda,lilenda,True,dev
लीवर,leever,2,2,liivara,livara,True,dev
लु,lu,1,1,lu,lu,False,dev
लुइंस्की,lewinsky,1,1,luinskii,luinski,True,dev
लुइस,louis,3,4,luisa,luisa,True,dev
लुई,lui,1,1,luii,lui,False,test
लुईस,luis,1,1,luiisa,luisa,True,dev
लुकास,lucas,1,2,lukaasa,lukasa,True,dev
लुथरेन,lutheran,2,4,lutharena,lutarena,True,dev
लुथेरान,lutheran,2,3,lutheraana,luterana,True,dev
लुज़ॉन,luzon,1,1,lujona,lujona,True,test
लूसियाना,louisiana,1,1,luusiyaanaa,lusiana,True,dev
लॅक,luck,1,1,leka,leka,True,dev
ले,le,1,1,le,le,False,dev
लेंसी,lazy,1,1,lensii,lensi,True,dev
लेउ,late,1,1,leu,leu,True,dev
लेक,lek,3,5,leka,leka,True,dev
लेडीज़,ladies,1,1,lediija,ledija,True,dev
लेनिन,lenin,1,1,lenina,lenina,True,test
लेमोन,lemon,1,1,lemona,lemona,True,dev
लेसा,leta,1,1,lesaa,lesa,True,dev
लेसी,lacey,1,1,lesii,lesi,True,dev
लेज़र,laser,1,1,lejara,lejara,True,dev
लैंगस्टन,langston,1,1,laingastana,lenastana,True,dev
लैंगस्टोन,limestone,1,1,laingastona,lenastona,True,dev
लैंजा,lanza,1,1,lainjaa,lenja,True,test
लैंडर,ladder,1,2,laindara,lendara,True,test
लैंडर्स,leaders,1,1,laindarsa,lendarsa,True,test
लैंथनम,lanthanum,1,1,lainthanama,lentanama,True,dev
लैंब,lamb,1,1,lainba,lenba,True,dev
लैटोना,latona,1,1,laitonaa,letona,True,dev
लैडी,lady,1,1,laidii,ledi,True,dev
लैनन,linen,1,1,lainana,lenana,True,dev
लैन्स,lance,1,2,lainsa,lensa,True,test
लैबर्ट,lebert,1,1,laibarta,lebarta,True,dev
लैब्स,labs,3,5,laibsa,lebsa,True,dev
लॉ,law,2,2,lo,lo,False,test
लॉएड,lloyd,1,2,loeda,loeda,True,dev
लॉग,log,1,1,loga,loga,True,dev
लॉजिक,logic,1,1,lojika,lojika,True,dev
लॉटरी,lottery,1,1,lotarii,lotari,True,dev
लॉनडेस,landes,1,1,lonadesa,lonadesa,True,dev
लॉफलिन,laughlin,1,1,lofalina,lofalina,True,test
लॉयड,lied,1,1,loyada,loiada,True,dev
लॉयडचिलीज़,lloyd,1,1,loyadachiliija,loiadakilija,True,dev
लॉरी,lorry,2,3,lorii,lori,False,dev
लॉरेंस,lawrence,3,4,lorensa,lorensa,True,dev
लॉस,loss,1,1,losa,losa,True,dev
लॉसन,lawson,1,1,losana,losana,True,dev
लो,lo,1,2,lo,lo,False,test
लोउ,lou,1,1,lou,lo,False,dev
लोक,lok,1,1,loka,loka,True,dev
लोग,log,4,5,loga,loga,True,dev
लोचन,eye,1,1,lochana,lokana,True,test
लोरी,lori,1,1,lorii,lori,False,dev
लोरेट्टा,loretta,1,1,lorettaa,loreta,False,dev
लोरेना,lorena,1,1,lorenaa,lorena,False,test
लोला,lola,1,1,lolaa,lola,False,dev
लोवर,lower,1,1,lovara,lovara,True,dev
लोवेल,lowell,1,1,lovela,lovela,True,dev
ल्यूटॉन,lutton,1,1,lyuutona,liutona,True,dev
ल्यूस,lies,1,1,lyuusa,liusa,True,dev
ल्यूसिंडा,lucinda,1,1,lyuusindaa,liusinda,True,dev
ल्येन,lyon,1,1,lyena,liena,True,test
लड़का,boy,1,2,ladakaa,ladaka,True,test
वचन,word,1,1,vachana,vakana,True,dev
वतन,country,1,2,vatana,vatana,True,test
वन,van,2,4,vana,vana,True,dev
वर्क्स,works,1,1,varksa,varksa,True,dev
वर्थ,worth,1,1,vartha,varta,True,dev
वर्न,varn,1,1,varna,varna,True,test
वर्मा,verma,1,1,varmaa,varma,True,dev
वर्मिलियन,vermillion,1,1,varmiliyana,varmiliana,True,test
वर्मोंट,vermont,1,1,varmonta,varmonta,True,test
वर्ल्ड,world,12,13,varlda,varlda,True,dev
वर्ल्डवाइड,worldwide,1,1,varldavaaida,varldaveda,True,dev
वल्ली,valli,1,1,vallii,vali,False,dev
वश,wash,1,1,vasha,vasa,True,dev
वाटर,water,1,1,vaatara,vatara,True,dev
वाड,wad,1,1,vaada,vada,True,dev
वामन,dwarf,1,1,vaamana,vamana,True,test
वायरलेस,wireless,2,2,vaayaralesa,vaiaralesa,True,test
वायलेट,violet,1,1,vaayaleta,vaialeta,True,test
वार,war,12,26,vaara,vara,True,dev
वारेन,warren,1,1,vaarena,varena,True,dev
वार्न,warn,1,1,vaarna,varna,True,dev
वार्नर,varner,1,1,vaarnara,varnara,True,test
वाली,the,1,4,vaalii,vali,True,dev
वाल्टर,walter,1,1,vaaltara,valtara,True,test
वाहिद,wahid,1,1,vaahida,vahida,True,dev
विंटर्स,winters,1,1,vintarsa,vintarsa,True,dev
विंसी,vinci,1,1,vinsii,vinsi,True,dev
विंसेंट,vincent,1,1,vinsenta,vinsenta,True,dev
विंस्टन,vincent,1,1,vinstana,vinstana,True,dev
विक,week,1,1,vika,vika,True,dev
विक्टर,victor,1,1,viktara,viktara,True,dev
विक्टोरिया,victoria,2,2,viktoriyaa,viktoria,False,dev
विक्टोरियो,vittorio,1,1,viktoriyo,viktorio,True,dev
विक्ट्री,victory,2,2,viktrii,viktri,True,dev
विज,beach,1,1,vija,vija,True,test
विजय,victory,3,4,vijaya,vijaia,True,dev
विडोर,vidor,1,1,vidora,vidora,True,test
विन,win,1,1,vina,vina,True,dev
विनफ्रेड,winfred,1,1,vinafreda,vinafreda,True,dev
विनसेंट,vincent,1,1,vinasenta,vinasenta,True,dev
विनिफ्रेड,winifred,1,1,vinifreda,vinifreda,True,dev
विनी,vinnie,1,1,vinii,vini,True,dev
विनोना,winona,1,1,vinonaa,vinona,False,dev
विन्सी,vinci,1,1,vinsii,vinsi,True,dev
विपिन,vipin,1,1,vipina,vipina,True,dev
विलास,vilas,1,1,vilaasa,vilasa,True,test
विलियम,william,3,6,viliyama,viliama,True,dev
विलियम्स,williams,5,5,viliyamsa,viliamsa,True,dev
विले,wiley,1,1,vile,vile,True,test
विलेज,village,1,1,vileja,vileja,True,dev
विलेट,villette,1,1,vileta,vileta,True,dev
विल्किंसन,wilkinson,1,1,vilkinsana,vilkinsana,True,dev
विल्किन,wilkin,1,1,vilkina,vilkina,True,dev
विल्किनसन,wilkinson,1,1,vilkinasana,vilkinasana,True,dev
विल्मेट,wilmet,1,1,vilmeta,vilmeta,True,dev
विल्यम्स,williams,1,1,vilyamsa,viliamsa,True,test
विव,viv,1,1,viva,viva,True,test
विविंग,weaving,1,1,vivinga,vivina,True,dev
विवेंदी,vivendi,1,1,vivendii,vivendi,False,dev
विशार्ट,wizard,1,1,vishaarta,visarta,True,dev
वीक,week,1,1,viika,vika,True,test
वीर,veer,2,2,viira,vira,True,dev
वुड,wood,2,3,vuda,vuda,True,dev
वूले,woolley,1,1,vuule,vule,True,test
वेंटर,venter,1,1,ventara,ventara,True,test
वेगा,vega,1,1,vegaa,vega,False,dev
वेगास,vegas,1,1,vegaasa,vegasa,True,dev
वेडेल,weddell,1,1,vedela,vedela,True,test
वेणीर,veneer,1,1,veniira,venira,True,dev
वेद,veda,1,1,veda,veda,False,dev
वेदी,altar,1,1,vedii,vedi,True,test
वेन,van,3,8,vena,vena,True,dev
वेब,web,1,1,veba,veba,True,dev
वेमाउथ,weymouth,1,1,vemaautha,vemota,True,dev
वेलहेम,welcome,1,1,velahema,velahema,True,dev
वेल्स,wales,3,5,velsa,velsa,True,test
वेस,wes,1,1,vesa,vesa,True,test
वेसल्स,vessels,1,1,vesalsa,vesalsa,True,dev
वेस्ट,waste,3,8,vesta,vesta,True,test
वेस्टब्रूक,westbrook,1,1,vestabruuka,vestabruka,True,test
वेस्टर्न,western,2,2,vestarna,vestarna,True,dev
वेस्लेयान,wesleyan,1,1,vesleyaana,vesleiana,True,test
वैकॉविया,wachovia,1,1,vaikoviyaa,vekovia,True,dev
वैट,white,1,1,vaita,veta,True,dev
वैतरणी,styx,1,1,vaitaranii,vetarani,True,dev
वैन,van,1,2,vaina,vena,True,test
वैनकॉवर,vancouver,1,1,vainakovara,venakovara,True,dev
वैर,animosity,1,1,vaira,vera,True,dev
वैलेंटिना,valentina,1,1,vailentinaa,velentina,True,dev
वैलेंटिनो,valentino,1,1,vailentino,velentino,True,test
वैल्युएबल,valuable,1,1,vailyuebala,veliuebala,True,dev
वॉ,waugh,2,2,vo,vo,True,test
वॉक,walk,2,2,voka,voka,True,test
वॉकर,walker,2,3,vokara,vokara,True,dev
वॉक्ले,walkley,1,1,vokle,vokle,True,dev
वॉटसन,watson,1,1,votasana,votasana,True,dev
वॉन्डर,wander,1,1,vondara,vondara,True,dev
वॉन्नी,yvonne,1,1,vonnii,voni,True,dev
वॉरेन,waren,1,2,vorena,vorena,True,dev
वॉर्नर,warner,1,1,vornara,vornara,True,dev
वॉर्सा,warsaw,1,1,vorsaa,vorsa,True,dev
वॉल,wall,1,1,vola,vola,True,test
वॉलेंसा,violence,1,1,volensaa,volensa,True,test
वॉल्टेअर,voltaire,1,1,volteara,volteara,True,test
वॉल्फ,wolf,1,1,volfa,volfa,True,dev
वॉशिंगटन,washington,1,1,voshingatana,vosinatana,True,dev
वॉशिंग्टन,washington,1,1,voshingtana,vosintana,True,dev
वोल्गा,volga,1,1,volgaa,volga,False,dev
व्हाइट,white,5,5,vhaaita,vheta,True,test
व्हाइटकॉम्ब,whitcomb,1,1,vhaaitakomba,vhetakomba,True,dev
व्हिटने,whitney,1,1,vhitane,vhitane,True,dev
व्हिटमॅन,whiteman,1,1,vhitamena,vhitamena,True,test
व्हीलचेयर,wheelchair,1,1,vhiilacheyara,vhilakeiara,True,dev
वफ़ादार,faithful,1,1,vafaadaara,vafadara,True,test
व‍िजय,victory,1,1,vaijaya,vejaia,True,dev
शंकर,shankar,3,3,shankara,sankara,True,dev
शंघाई,shanghai,2,2,shanghaaii,sane,False,dev
शक्ल,school,1,1,shakla,sakla,True,dev
शची,sachi,1,1,shachii,saki,False,test
शत्रु,enemy,1,1,shatru,satru,True,dev
शमुस,shamus,1,1,shamusa,samusa,True,test
शरण,saran,1,1,sharana,sarana,True,dev
शर्मन,sharman,1,1,sharmana,sarmana,True,dev
शर्मा,sharma,6,6,sharmaa,sarma,False,test
शहीद,martyr,1,2,shahiida,sahida,True,dev
शाद,shad,1,1,shaada,sada,True,dev
शान,shan,1,2,shaana,sana,True,dev
शार्क,shark,1,1,shaarka,sarka,True,dev
शार्प,sharp,1,1,shaarpa,sarpa,True,dev
शाह,shah,7,8,shaaha,saha,True,dev
शाहीन,shaheen,1,1,shaahiina,sahina,True,dev
शिंग,shing,1,1,shinga,sina,True,dev
शिक्षा,education,1,1,shikshaa,siksa,True,dev
शिपिंग,shipping,1,1,shipinga,sipina,True,dev
शिरीन,shirin,1,1,shiriina,sirina,True,test
शिलिंग,shilling,1,1,shilinga,silina,True,dev
शिवा,shiva,2,2,shivaa,siva,False,dev
शीप,sheep,1,1,shiipa,sipa,True,dev
शीला,sheila,1,1,shiilaa,sila,True,dev
शुगर,sugar,3,3,shugara,sugara,True,test
शुचिता,purity,1,1,shuchitaa,sukita,True,dev
शून,shun,1,1,shuuna,suna,True,test
शूरवीर,knight,1,1,shuuraviira,suravira,True,test
शेक,shaik,1,1,sheka,seka,True,dev
शेकेल,shekel,1,1,shekela,sekela,True,test
शेख,shaikh,1,2,shekha,seka,True,test
शेन,shen,2,4,shena,sena,True,dev
शेन्नॉन,shannon,1,1,shennona,senona,True,dev
शेर,lion,1,2,shera,sera,True,test
शेरी,shore,1,1,sherii,seri,True,test
शेर्मन,sherman,1,1,shermana,sermana,True,dev
शेख़,sheikh,1,2,shekha,seka,True,test
शैडो,shadow,1,1,shaido,sedo,True,dev
शैला,sheila,1,1,shailaa,sela,True,dev
शॉ,show,2,4,sho,so,False,dev
शॉन,sean,1,4,shona,sona,True,dev
शॉना,shauna,1,1,shonaa,sona,False,dev
शो,show,1,1,sho,so,False,test
शोख,vivid,1,1,shokha,soka,True,test
शोर,shor,1,1,shora,sora,True,dev
श्री,mr,4,15,shrii,sri,True,dev
श्रीनिवास,srinivas,1,1,shriinivaasa,srinivasa,True,dev
श्रीमान,mr,1,1,shriimaana,srimana,True,dev
संकुल,school,1,1,sankula,sankula,True,test
संघ,sang,1,1,sangha,sana,True,dev
संजय,sanjay,1,1,sanjaya,sanjaia,True,dev
संत,sant,4,5,santa,santa,True,dev
संतोषी,resigned,1,1,santoshii,santosi,True,dev
संधू,sandhu,1,1,sandhuu,sandu,False,dev
सईद,saeed,2,4,saiida,seda,True,dev
सक्सेशन,succession,1,1,sakseshana,saksesana,True,test
सगन,sagan,1,1,sagana,sagana,True,test
सचिन,sachin,1,1,sachina,sakina,True,test
सच्चा,real,1,2,sachchaa,saka,True,dev
सजना,apparel,1,2,sajanaa,sajana,True,dev
सत्यवादी,truthful,1,1,satyavaadii,satiavadi,True,dev
सत्या,satya,1,1,satyaa,satia,False,dev
सत्रह,seventeen,1,1,satraha,satraha,True,test
सदा,sada,1,1,sadaa,sada,False,dev
सन,sun,3,5,sana,sana,True,dev
सनडे,sunday,1,1,sanade,sanade,True,dev
सनशाइन,sunshine,1,1,sanashaaina,sanasena,True,dev
सनातन,eternal,1,1,sanaatana,sanatana,True,test
सनोबर,pine,1,1,sanobara,sanobara,True,dev
सब,all,1,2,saba,saba,True,dev
सबर,tolerance,1,1,sabara,sabara,True,test
सबा,saba,1,1,sabaa,saba,False,test
समर,samar,2,2,samara,samara,True,dev
समाज,society,2,3,samaaja,samaja,True,dev
सम्टर,sumter,1,1,samtara,samtara,True,dev
सर,sar,1,2,sara,sara,True,dev
सरकार,sarkar,2,2,sarakaara,sarakara,True,dev
सरलिंग,serling,1,1,saralinga,saralina,True,dev
सराजेवो,sarajevo,1,1,saraajevo,sarajevo,False,test
सराय,inn,1,3,saraaya,saraia,True,test
सरोवर,lake,1,2,sarovara,sarovara,True,test
सर्किट्स,circuits,1,1,sarkitsa,sarkitsa,True,test
सर्जरी,surgery,1,1,sarjarii,sarjari,True,dev
सर्विसेस,services,1,1,sarvisesa,sarvisesa,True,test
सल,sal,1,1,sala,sala,True,dev
सलादिन,saladin,1,1,salaadina,saladina,True,dev
सलाम,salam,3,5,salaama,salama,True,dev
सलीफ,salif,1,1,saliifa,salifa,True,dev
सलीम,salim,4,5,saliima,salima,True,dev
सलेम,salem,1,1,salema,salema,True,dev
सलोमी,salomi,1,1,salomii,salomi,False,dev
सल्तनत,sultanate,1,1,saltanata,saltanata,True,dev
सस्पेंशन,suspension,2,2,saspenshana,saspensana,True,test
सहारा,sahara,2,2,sahaaraa,sahara,False,dev
सांई,sai,1,1,saanii,sani,True,test
सांग,sang,1,1,saanga,sana,True,dev
सांता,santa,1,1,saantaa,santa,False,dev
साइंटीफिक,scientific,1,1,saaintiifika,sentifika,True,dev
साइंस,science,2,2,saainsa,sensa,True,dev
साइंसेस,sciences,1,1,saainsesa,sensesa,True,dev
साइन्स,science,1,1,saainsa,sensa,True,dev
साइमन,simon,3,3,saaimana,semana,True,dev
साउथ,south,5,6,saautha,sota,True,test
साउथम्पटन,southampton,1,1,saauthampatana,sotampatana,True,dev
सागर,sagar,4,4,saagara,sagara,True,dev
साड,saad,1,1,saada,sada,True,dev
सादत,sadat,1,1,saadata,sadata,True,dev
साना,sana,1,2,saanaa,sana,False,dev
साब,saab,1,1,saaba,saba,True,dev
साबा,saba,1,1,saabaa,saba,False,dev
सामी,sami,2,3,saamii,sami,False,dev
सायकल,cycle,1,1,saayakala,saiakala,True,dev
सायकलिंग,cycling,1,1,saayakalinga,saiakalina,True,dev
सायनारा,cynara,1,1,saayanaaraa,saianara,True,dev
सारा,sara,1,1,saaraa,sara,False,test
साल,saal,3,4,saala,sala,True,dev
सालम,salam,1,1,saalama,salama,True,dev
साल्वि,salvi,1,1,saalvi,salvi,False,dev
सावा,sava,1,1,saavaa,sava,False,dev
साज़,raj,1,2,saaja,saja,True,dev
सिंक्रोनाइज़्ड,synchronized,1,1,sinkronaaijda,sinkronejda,True,dev
सिंघ,singh,1,1,singha,sina,True,dev
सिंडीकेट,syndicate,1,1,sindiiketa,sindiketa,True,dev
सिंदूर,vermilion,2,3,sinduura,sindura,True,test
सिंबा,simba,1,1,sinbaa,sinba,True,dev
सिंह,singh,4,7,sinha,sinha,True,dev
सिआन,sian,1,1,siaana,siana,True,test
सिक्योरिटी,security,1,2,sikyoritii,sikioriti,True,dev
सिगमंड,sigmund,1,1,sigamanda,sigamanda,True,dev
सिग्नल,signal,2,2,signala,signala,True,dev
सिटी,city,10,12,sitii,siti,True,dev
सिटीग्रुप,citi,1,1,sitiigrupa,sitigrupa,True,dev
सिडनी,sydney,4,4,sidanii,sidani,True,dev
सिडोनिया,sidonia,1,1,sidoniyaa,sidonia,False,dev
सितार,sitar,1,1,sitaara,sitara,True,test
सिपाही,soldier,2,4,sipaahii,sipahi,True,test
सिबिल,sybil,1,1,sibila,sibila,True,dev
सिम,sim,4,4,sima,sima,True,dev
सिमा,seema,1,1,simaa,sima,False,dev
सिमोन,simon,1,1,simona,simona,True,dev
सिमोना,simona,1,1,simonaa,simona,False,dev
सिम्स,simms,1,1,simsa,simsa,True,dev
सिरमिलिक,ceramic,1,1,siramilika,siramilika,True,test
सिरोही,sirohi,1,1,sirohii,sirohi,False,dev
सिलिकॉन,silicon,1,1,silikona,silikona,True,dev
सिल्वर,silver,3,3,silvara,silvara,True,dev
सिल्वा,silva,7,7,silvaa,silva,False,test
सिल्स,sills,1,1,silsa,silsa,True,test
सिवार,kelp,1,1,sivaara,sivara,True,dev
सिविल,civil,1,1,sivila,sivila,True,dev
सिस्को,cisco,2,2,sisko,sisko,True,test
सिस्टम्स,systems,6,7,sistamsa,sistamsa,True,dev
सिस्टर,sister,1,1,sistara,sistara,True,dev
सी,see,8,9,sii,si,False,test
सीन,scene,1,3,siina,sina,True,dev
सीने,chest,1,1,siine,sine,True,dev
सीमा,seema,1,1,siimaa,sima,False,dev
सीमांत,border,1,1,siimaanta,simanta,True,dev
सीमेंट,cement,2,2,siimenta,simenta,True,test
सीले,sealy,1,1,siile,sile,True,dev
सीवान,dressmaking,1,1,siivaana,sivana,True,test
सुंदरता,beauty,1,1,sundarataa,sundarata,True,dev
सुनिल,sunil,1,1,sunila,sunila,True,test
सुनिला,sunil,1,1,sunilaa,sunila,True,dev
सुनील,sunil,2,2,suniila,sunila,True,dev
सुन्दर,sundar,1,1,sundara,sundara,True,test
सुपर,super,2,2,supara,supara,True,dev
सुपरवैल्यू,supervalu,1,1,suparavailyuu,suparaveliu,True,test
सुपर्ब,superb,1,1,suparba,suparba,True,dev
सुप्रीम,supreme,1,1,supriima,suprima,True,dev
सुमन,suman,1,1,sumana,sumana,True,dev
सुमात्रा,sumatra,1,1,sumaatraa,sumatra,False,dev
सुमिता,sumita,1,1,sumitaa,sumita,False,dev
सुर,sur,1,1,sura,sura,True,dev
सुरेश,suresh,1,1,suresha,suresa,True,test
सुलेक,sulek,1,1,suleka,suleka,True,dev
सुल्तान,sultan,1,1,sultaana,sultana,True,test
सुषमा,splendor,1,1,sushamaa,susama,True,dev
सुसेक्स,sussex,1,1,suseksa,suseksa,True,test
सुज़ुकी,suzuki,1,1,sujukii,sujuki,True,dev
सू,su,1,1,suu,su,False,dev
सूरज,sun,1,2,suuraja,suraja,True,test
सूरत,surat,1,1,suurata,surata,True,test
से,se,5,11,se,se,False,dev
सेंचूरियन,centurion,1,1,senchuuriyana,senkuriana,True,test
सेंच्युरी,century,1,1,senchyurii,senkiuri,True,dev
सेंट,st,5,23,senta,senta,True,test
सेंटर,center,4,7,sentara,sentara,True,dev
सेंटा,santa,1,1,sentaa,senta,True,dev
सेंटेक्स,centex,1,1,senteksa,senteksa,True,test
सेंट्रल,central,6,6,sentrala,sentrala,True,dev
सेंट्स,cents,1,1,sentsa,sentsa,True,dev
सेइ,seyi,1,1,sei,sei,False,dev
सेओइर्स,se,1,1,seoirsa,seoirsa,True,dev
सेकंड,second,1,1,sekanda,sekanda,True,test
सेज,sage,1,1,seja,seja,True,dev
सेठ,seth,1,1,setha,seta,True,dev
सेन,sen,2,2,sena,sena,True,dev
सेनेगल,senegal,1,1,senegala,senegala,True,test
सेन्चुरी,century,1,1,senchurii,senkuri,True,dev
सेन्टर,center,2,6,sentara,sentara,True,dev
सेरवैनटेस,servants,1,1,seravainatesa,seravenatesa,True,dev
सेरा,sera,3,3,seraa,sera,False,dev
सेरीस,cerise,1,1,seriisa,serisa,True,dev
सेलक्रिक,selkirk,1,1,selakrika,selakrika,True,test
सेलिंग,sailing,1,2,selinga,selina,True,dev
सेलेना,selena,1,1,selenaa,selena,False,dev
सेलेनियम,selenium,1,1,seleniyama,seleniama,True,dev
सेशेल्स,seychelles,1,1,seshelsa,seselsa,True,dev
सैंडी,sandy,1,1,saindii,sendi,True,dev
सैन,sen,4,11,saina,sena,True,dev
सैनबॉर्न,sanborn,1,1,sainaborna,senaborna,True,dev
सैन्टा,santa,1,1,saintaa,senta,True,dev
सैन्यो,sanyo,1,1,sainyo,senio,True,dev
सैमसंग,samsung,1,1,saimasanga,semasana,True,dev
सैमुएल्स,samuels,1,1,saimuelsa,semuelsa,True,dev
सॉक्रेट्स,socrates,1,1,sokretsa,sokretsa,True,dev
सॉफ्टबॉल,soft,1,1,softabola,softabola,True,test
सॉल,soul,1,1,sola,sola,True,dev
सॉल्यूशंस,solutions,1,1,solyuushansa,soliusansa,True,dev
सॉफ़टवेयर,software,1,1,sofataveyara,sofataveiara,True,dev
सॉफ़्टवेयर,software,1,1,softaveyara,softaveiara,True,dev
सोडियम,sodium,1,1,sodiyama,sodiama,True,dev
सोनिया,sonia,2,2,soniyaa,sonia,False,test
सोफिया,sofia,1,1,sofiyaa,sofia,False,dev
सोफी,sophy,1,1,sofii,sofi,False,dev
सोम,som,1,1,soma,soma,True,dev
सोमा,soma,1,1,somaa,soma,False,dev
सोर्चा,sorcha,1,1,sorchaa,sorka,False,dev
सोलन,solan,1,1,solana,solana,True,dev
सोलोमन,solomon,1,1,solomana,solomana,True,dev
सोसायटी,society,3,4,sosaayatii,sosaiati,True,dev
सौ,sow,1,1,sau,so,False,dev
सौगंध,oath,2,6,saugandha,soganda,True,test
सौजन्य,courtesy,1,1,saujanya,sojania,True,test
स्कल्पचर,sculpture,1,1,skalpachara,skalpakara,True,test
स्काई,sky,1,1,skaaii,ske,True,dev
स्काउट,scout,1,2,skaauta,skota,True,dev
स्कायस्क्रैपर,subscriber,1,1,skaayaskraipara,skaiaskrepara,True,dev
स्कूल,school,26,29,skuula,skula,True,test
स्कूलहाउस,schoolhouse,1,1,skuulahaausa,skulahosa,True,dev
स्कॉट,scott,3,4,skota,skota,True,dev
स्कॉटलैंड,scotland,2,2,skotalainda,skotalenda,True,dev
स्कोर,score,1,1,skora,skora,True,test
स्क्रॉट्स,scotts,1,1,skrotsa,skrotsa,True,dev
स्क्वेअर,square,1,1,skveara,skveara,True,dev
स्टरलिंग,sterling,1,1,staralinga,staralina,True,dev
स्टर्लिंग,sterling,1,2,starlinga,starlina,True,dev
स्टर्ल‍िंग,starling,1,1,starlainga,starlena,True,test
स्टार,star,4,4,staara,stara,True,test
स्टारगेज़र,stargazer,1,1,staaragejara,staragejara,True,test
स्टार्स,stars,1,1,staarsa,starsa,True,dev
स्टिलमैन,steelman,1,1,stilamaina,stilamena,True,test
स्टील,steel,3,3,stiila,stila,True,dev
स्टीव,steve,6,8,stiiva,stiva,True,dev
स्टीवंसन,stephenson,1,1,stiivansana,stivansana,True,dev
स्टीवर्ट,stewart,1,1,stiivarta,stivarta,True,dev
स्टुअर्ट,stuart,4,5,stuarta,stuarta,True,test
स्टुआर्ट,stuart,1,1,stuaarta,stuarta,True,dev
स्टुड‍ियो,studio,1,1,studaiyo,studeio,True,dev
स्टेट,state,6,6,steta,steta,True,dev
स्टेट्‍स,status,1,1,stetsa,stetsa,True,test
स्टेनफील्ड,stanfield,1,1,stenafiilda,stenafilda,True,dev
स्टेनम,steinem,1,1,stenama,stenama,True,dev
स्टेनली,stanley,1,1,stenalii,stenali,True,dev
स्टेल,stale,1,1,stela,stela,True,test
स्टेशन,station,1,1,steshana,stesana,True,dev
स्टैंडर्ड,standard,1,1,staindarda,stendarda,True,test
स्टैन,stern,1,1,staina,stena,True,dev
स्टैनले,stanley,1,2,stainale,stenale,True,dev
स्टोर,store,1,1,stora,stora,True,test
स्टोरा,stora,1,1,storaa,stora,False,dev
स्टोरी,story,1,1,storii,stori,False,test
स्टोर्स,stores,1,1,storsa,storsa,True,dev
स्ट्राइड,strait,1,1,straaida,streda,True,dev
स्ट्रीट,street,2,2,striita,strita,True,dev
स्ट्रीम,stream,1,1,striima,strima,True,dev
स्ट्रेंग,streng,1,1,strenga,strena,True,dev
स्ट्रॉबेरी,strawberries,1,1,stroberii,stroberi,True,test
स्तूप,stoop,1,1,stuupa,stupa,True,test
स्नेल,snail,1,1,snela,snela,True,dev
स्नो,snow,1,1,sno,sno,False,dev
स्नोवी,snowy,1,1,snovii,snovi,True,dev
स्पायन,spain,1,1,spaayana,spaiana,True,dev
स्पेंस,spens,1,1,spensa,spensa,True,dev
स्पेक्ट्रम,spectrum,1,1,spektrama,spektrama,True,dev
स्पेन्सर,spencer,1,1,spensara,spensara,True,test
स्पेशल,special,1,1,speshala,spesala,True,test
स्पैनिश,spanish,1,1,spainisha,spenisa,True,dev
स्पॉन्ज़,sponge,1,1,sponja,sponja,True,test
स्पोर्ट्‍स,sports,1,1,sportsa,sportsa,True,test
स्प्रिंग,spring,2,2,springa,sprina,True,test
स्प्रिंग्स,springs,2,2,springsa,sprinsa,True,test
स्प्रेगुए,sprague,1,1,spregue,spregue,True,test
स्मिथ,smith,5,6,smitha,smita,True,dev
स्मृति,memory,1,1,smriti,smriti,True,dev
स्मॉल,small,1,1,smola,smola,True,dev
स्लेडिंग,sliding,1,1,sledinga,sledina,True,test
स्लैक,slack,1,1,slaika,sleka,True,dev
स्वागर्ट,swaggart,1,1,svaagarta,svagarta,True,dev
स्वामी,swami,1,1,svaamii,svami,False,dev
स्विंग,swing,1,1,svinga,svina,True,test
स्विमिंग,swimming,2,2,sviminga,svimina,True,test
स्वीडन,sweden,1,1,sviidana,svidana,True,test
स्वेन,swain,1,1,svena,svena,True,dev
स्वैन,sven,1,1,svaina,svena,True,test
स्वॉर्ड,sword,4,4,svorda,svorda,True,dev
स्‍कूल,school,1,1,skuula,skula,True,test
सज़ा,punishment,1,1,sajaa,saja,True,dev
स‍िट‍ी,street,1,1,saitaii,sete,True,dev
हंट,hunt,1,1,hanta,hanta,True,test
हंटर,hunter,1,1,hantara,hantara,True,dev
हंबर,haber,1,2,hanbara,hanbara,True,dev
हकीम,hakim,1,1,hakiima,hakima,True,dev
हक्सले,huxley,1,1,haksale,haksale,True,dev
हचिसन,huchison,1,1,hachisana,hakisana,True,test
हत्या,murder,1,1,hatyaa,hatia,True,dev
हद्दाद,haddad,1,1,haddaada,hadada,True,dev
हनरी,henry,1,1,hanarii,hanari,True,dev
हनी,honey,3,3,hanii,hani,True,dev
हन्नान,hannan,3,3,hannaana,hanana,True,dev
हम,hum,11,23,hama,hama,True,dev
हमीद,hamid,1,1,hamiida,hamida,True,test
हर,har,2,4,hara,hara,True,dev
हरण,haran,2,2,harana,harana,True,dev
हरयाणा,haryana,1,1,harayaanaa,haraiana,True,dev
हरि,hari,1,1,hari,hari,False,dev
हरी,green,1,2,harii,hari,True,dev
हरे,hare,3,3,hare,hare,False,dev
हर्डल्स,hurdles,1,1,hardalsa,hardalsa,True,dev
हल,hal,1,1,hala,hala,True,test
हवा,air,1,1,havaa,hava,True,dev
हसन,hasan,2,2,hasana,hasana,True,dev
हस्सम,assam,1,1,hassama,hasama,True,test
हाइड,hide,1,1,haaida,heda,True,dev
हाई,high,6,11,haaii,he,True,test
हाईवे,highway,1,1,haaiive,heve,True,dev
हाउस,house,4,4,haausa,hosa,True,test
हाकिम,hakim,1,1,haakima,hakima,True,dev
हामिद,hamid,1,1,haamida,hamida,True,dev
हार,defeat,1,1,haara,hara,True,dev
हारा,hara,1,1,haaraa,hara,False,dev
हारून,aaron,1,2,haaruuna,haruna,True,dev
हार्ट,heart,3,4,haarta,harta,True,test
हार्प,harp,1,1,haarpa,harpa,True,dev
हार्बर,harbour,2,2,haarbara,harbara,True,test
हार्वी,harvey,1,1,haarvii,harvi,True,dev
हार्वेस्ट,harvest,1,1,haarvesta,harvesta,True,dev
हावर्ड,howard,1,1,haavarda,havarda,True,dev
हाशिम,hashim,3,3,haashima,hasima,True,test
हिंग,hing,1,1,hinga,hina,True,test
हिंगे,hinge,1,1,hinge,hine,False,dev
हिंद,hind,1,2,hinda,hinda,True,test
हिंदी,hindi,1,1,hindii,hindi,False,dev
हिंदुस्तान,hindustan,5,6,hindustaana,hindustana,True,test
हिटलर,hitler,1,1,hitalara,hitalara,True,dev
हिदायत,instructions,1,1,hidaayata,hidaiata,True,test
हिन्द,hind,1,1,hinda,hinda,True,dev
हिन्दी,hindi,1,1,hindii,hindi,False,test
हिन्दू,hindu,2,2,hinduu,hindu,False,dev
हिम,him,1,1,hima,hima,True,dev
हिमालय,himalaya,2,3,himaalaya,himalaia,False,test
हिरवे,herve,1,1,hirave,hirave,True,dev
हिल,hill,2,3,hila,hila,True,test
हिल्टन,hilton,1,1,hiltana,hiltana,True,test
हिल्स,hills,4,4,hilsa,hilsa,True,test
हिशाम,hisham,2,2,hishaama,hisama,True,dev
हिस,hiss,1,1,hisa,hisa,True,dev
ही,he,2,2,hii,hi,True,dev
हीर,heer,2,2,hiira,hira,True,dev
हीरे,heer,1,1,hiire,hire,True,test
हीरों,diamond,1,1,hiiron,hiron,True,dev
हीलियम,helium,1,1,hiiliyama,hiliama,True,dev
हुंडई,hundai,1,1,hundaii,hunde,False,dev
हुआ,hua,1,2,huaa,hua,False,dev
हुकुम,spades,1,1,hukuma,hukuma,True,dev
हुद,hud,1,1,huda,huda,True,dev
हुसैन,hussain,6,8,husaina,husena,True,dev
हॅन्स,hence,1,1,hensa,hensa,True,dev
हॅरिस,haris,1,1,herisa,herisa,True,dev
हॅले,haley,1,1,hele,hele,True,dev
हेंकल,henkel,1,1,henkala,henkala,True,dev
हेडली,hedley,1,2,hedalii,hedali,True,dev
हेडले,headley,1,1,hedale,hedale,True,dev
हेनमैन,henman,1,1,henamaina,henamena,True,dev
हेनरी,henry,2,2,henarii,henari,True,dev
हेन्स,hence,1,1,hensa,hensa,True,dev
हेम्पस्टेड,hampstead,1,1,hempasteda,hempasteda,True,dev
हेराल्ड,herald,1,1,heraalda,heralda,True,dev
हेर‍िटेज,heritage,1,1,heraiteja,hereteja,True,dev
हेल,hail,1,2,hela,hela,True,dev
हेलन,helen,1,1,helana,helana,True,dev
हेलेन्स,helens,1,1,helensa,helensa,True,dev
हेल्थकेयर,healthcare,1,1,helthakeyara,heltakeiara,True,dev
हेवर्ड,hayward,1,1,hevarda,hevarda,True,test
हेस,hers,1,3,hesa,hesa,True,dev
हैं,hain,3,7,hain,hen,False,dev
हैंड्रिक्स,hendrix,1,1,haindriksa,hendriksa,True,dev
हैंप्टन,hampton,1,1,hainptana,henptana,True,dev
हैट्स,hats,1,1,haitsa,hetsa,True,dev
हैदर,haider,1,1,haidara,hedara,True,dev
हैनोवर,hanover,1,1,hainovara,henovara,True,dev
हैन्स,hans,1,1,hainsa,hensa,True,test
हैन्फ़र,hefner,1,1,hainfara,henfara,True,test
हैफा,haifa,1,1,haifaa,hefa,False,dev
हैब्सबर्ग,habsburg,1,1,haibsabarga,hebsabarga,True,test
हैमबर्ग,hamburg,1,1,haimabarga,hemabarga,True,dev
हैरी,harry,3,3,hairii,heri,True,test
हैरीस,harris,1,1,hairiisa,herisa,True,dev
हैल्थ,health,1,1,hailtha,helta,True,dev
हैवन,heaven,1,1,haivana,hevana,True,test
हॉक,hawk,1,1,hoka,hoka,True,dev
हॉकिंग,hawking,1,2,hokinga,hokina,True,test
हॉकी,hockey,1,1,hokii,hoki,True,dev
हॉग,hug,1,1,hoga,hoga,True,dev
हॉगन,hagan,1,1,hogana,hogana,True,dev
हॉज,house,1,1,hoja,hoja,True,dev
हॉन,horn,1,1,hona,hona,True,test
हॉनर,honour,1,1,honara,honara,True,dev
हॉप,hop,1,1,hopa,hopa,True,test
हॉरिट्ज़,heritage,1,1,horitja,horitja,True,dev
हॉर्न,horn,2,2,horna,horna,True,dev
हॉल,hall,2,3,hola,hola,True,dev
हॉलीवुड,hollywood,1,1,holiivuda,holivuda,True,test
हॉवर्ड,howard,1,1,hovarda,hovarda,True,dev
हॉस्पिटल,hospital,1,1,hospitala,hospitala,True,dev
हो,ho,7,8,ho,ho,False,dev
होंडो,hondo,1,1,hondo,hondo,False,dev
होगा,will,2,3,hogaa,hoga,True,dev
होटल,hotel,1,1,hotala,hotala,True,dev
होटल्स,hotels,1,1,hotalsa,hotalsa,True,dev
होटेल,hotel,2,2,hotela,hotela,True,dev
होते,hote,1,1,hote,hote,False,test
होने,the,1,1,hone,hone,True,dev
होप,hope,1,1,hopa,hopa,True,dev
होमस्टेड,homestead,1,1,homasteda,homasteda,True,test
होरा,hora,1,1,horaa,hora,False,dev
होलिका,bonfire,1,1,holikaa,holika,True,dev
होली,holy,2,2,holii,holi,False,dev
होल्डर,holder,2,2,holdara,holdara,True,dev
होल्डिंग,holding,1,1,holdinga,holdina,True,dev
होल्डिंग्ज,holdings,1,1,holdingja,holdinja,True,test
होल्डिंग्स,holdings,4,4,holdingsa,holdinsa,True,test
होल्बर्ग,holberg,1,1,holbarga,holbarga,True,dev
ह्युजे,huge,1,1,hyuje,hiuje,True,dev
ह्युमर,humor,1,1,hyumara,hiumara,True,test
ह्यूगो,hugo,2,3,hyuugo,hiugo,True,dev
ह्यूज,hughes,1,1,hyuuja,hiuja,True,dev
ह्यूलेट,hewlett,1,1,hyuuleta,hiuleta,True,dev
ह‍िन्दी,hindi,1,1,haindii,hendi,True,dev
ह‍िन्दुस्तान,hindustan,1,1,haindustaana,hendustana,True,test
ह‍िन्दू,hindu,1,1,hainduu,hendu,True,dev
ह‍िस्टॉर‍िकल,historical,6,6,haistoraikala,hestorekala,True,test
क़ृष्ण,krishna,4,5,krishna,krisna,False,dev
क़ृष्णा,krishna,1,1,krishnaa,krisna,False,dev
क़ैदी,prisoner,1,1,kaidii,kedi,True,dev
ज़करी,zachary,1,1,jakarii,jakari,True,dev
ज़पाटा,zapata,1,1,japaataa,japata,True,test
ज़लील,insulted,1,1,jaliila,jalila,True,test
ज़हीर,zahir,1,1,jahiira,jahira,True,test
ज़हूर,zaher,1,1,jahuura,jahura,True,dev
ज़ांथे,xanthe,1,1,jaanthe,jante,True,dev
ज़िंक,zink,1,1,jinka,jinka,True,dev
ज़िंग,xing,1,1,jinga,jina,True,test
ज़ी,zee,1,1,jii,ji,True,dev
ज़ेंडर,gender,1,1,jendara,jendara,True,dev
ज़ेनट्रले,general,1,1,jenatrale,jenatrale,True,dev
ज़ेरक्सेस,xerox,1,1,jeraksesa,jeraksesa,True,test
ज़ैंडर,gender,1,1,jaindara,jendara,True,dev
ज़ैदा,zada,1,1,jaidaa,jeda,True,dev
ज़ोए,joye,1,1,joe,joe,True,dev
ज़ोन,jaan,1,1,jona,jona,True,test
ज़ोला,zola,1,1,jolaa,jola,True,dev
ज़ोल्टन,zoltan,1,1,joltana,joltana,True,test
फ़र्ट,fart,1,1,farta,farta,True,dev
फ़ाइनेंशियल,financial,2,3,faainenshiyala,fenensiala,True,dev
फ़ाइनेंस,finance,1,1,faainensa,fenensa,True,dev
फ़ायनेंस,finance,1,1,faayanensa,faianensa,True,dev
फ़ार्गो,fargo,1,1,faargo,fargo,False,dev
फ़ार्म,form,1,1,faarma,farma,True,dev
फ़ार्मा,pharma,2,2,faarmaa,farma,False,dev
फ़ार्मासुटिकल्स,pharmaceuticals,1,1,faarmaasutikalsa,farmasutikalsa,True,dev
फ़ार्मास्युटिकल,pharmaceutical,1,1,faarmaasyutikala,farmasiutikala,True,test
फ़ार्मास्युटिकल्स,pharmaceuticals,1,1,faarmaasyutikalsa,farmasiutikalsa,True,dev
फ़ास्टनर्स,fasteners,1,1,faastanarsa,fastanarsa,True,dev
फ़िएट,fait,1,1,fieta,fieta,True,test
फ़िलिप्स,philips,1,1,filipsa,filipsa,True,dev
फ़िल्म्स,films,1,1,filmsa,filmsa,True,dev
फ़ेट्स,fats,1,1,fetsa,fetsa,True,test
फ़ेडरेटेड,federated,1,1,fedareteda,fedareteda,True,dev
फ़ेडरेशन,federation,1,1,fedareshana,fedaresana,True,dev
फ़ेडेरल,federal,2,2,federala,federala,True,dev
फ़ेथ,faith,1,1,fetha,feta,True,test
फ़ेयड,fade,1,1,feyada,feiada,True,dev
फ़ेरिड,fried,1,1,ferida,ferida,True,test
फ़ेरो,fero,1,1,fero,fero,False,dev
फ़ेलोशिप,fellowship,1,1,feloshipa,felosipa,True,dev
फ़ैमिली,family,1,1,faimilii,femili,True,dev
फ़ॉसिल,fossil,1,1,fosila,fosila,True,dev
फ़ॉस्फ़ोरस,phosphorous,1,1,fosforasa,fosforasa,True,dev
फ़ोंडा,fonda,1,1,fondaa,fonda,False,dev
फ़ोनिक्स,phoenix,1,1,foniksa,foniksa,True,dev
फ़ोर्ड,ford,1,1,forda,forda,True,test
फ़ोर्ब्स,force,1,1,forbsa,forbsa,True,dev
फ़्रंकफ़र्ट,frankfurt,1,1,frankafarta,frankafarta,True,test
फ़्रांस,frans,2,3,fraansa,fransa,True,test
फ़्री,free,1,1,frii,fri,False,dev
फ़्रीसीज़,freezes,1,1,friisiija,frisija,True,dev
फ़्रुड,freud,1,1,fruda,fruda,True,dev
फ़्रेंक,frank,1,1,frenka,frenka,True,dev
फ़्रेंच,french,1,1,frencha,frenka,True,dev
फ़्रेंडरिक,fredrick,1,1,frendarika,frendarika,True,dev
फ़्रेंडशिप,friendship,1,1,frendashipa,frendasipa,True,dev
फ़्रेक,frank,1,1,freka,freka,True,dev
फ़्रेडरीक,fedrick,1,1,fredariika,fredarika,True,dev
फ़्रेसिर,fraser,1,1,fresira,fresira,True,test
फ़्रैंक,frank,2,2,frainka,frenka,True,test
फ़्लेक्स,flex,1,1,fleksa,fleksa,True,dev
‍नील,nil,1,1,niila,nila,True,dev
‍मैंने,i,1,1,mainne,mene,True,test
